"Based on SLA Table, fill in column SLA Delivery and SLA Return. Then calculate leadtime delivery and leadtime return by:",,,,,,,,,,,,,,,
"- If order is delivered successfully, Leadtime delivery = Delivery done - Pickup done. If not, leave Blank ",,,,,,,,,,,,,,,
"- If order is returned successfully, Leadtime return = Return completed  - Return initiated. If not, leave Blank",,,,,,,,,,,,,,,
,,,,,,,,,,,,,,,
Table 4: SLA (Sevice Level Agreement) leadtime by hour,,,,,,,,,,,,,,,
seller_state,buyer_state,if_both_seller_and_buyer_in_urban,if_buyer_or_seller_in_rural,,,,,,,,,,,,
An Giang,An Giang,24,72,,,,,,,,,,,,
C?n Th?,An Giang,48,96,,,,,,,,,,,,
??ng Tháp,An Giang,54,102,,,,,,,,,,,,
Hâ?u Giang,An Giang,48,96,,,,,,,,,,,,
Kiên Giang,An Giang,48,96,,,,,,,,,,,,
V?nh Long,An Giang,54,102,,,,,,,,,,,,
B?c Giang,An Giang,84,120,,,,,,,,,,,,
B?c K?n,An Giang,84,120,,,,,,,,,,,,
B?c Ninh,An Giang,84,120,,,,,,,,,,,,
Bình ??nh,An Giang,84,120,,,,,,,,,,,,
Bình Thu?n,An Giang,84,120,,,,,,,,,,,,
Cao B?ng,An Giang,84,120,,,,,,,,,,,,
?à N?ng,An Giang,84,120,,,,,,,,,,,,
??k L?k,An Giang,84,120,,,,,,,,,,,,
??k Nông,An Giang,78,114,,,,,,,,,,,,
?i?n Biên,An Giang,84,120,,,,,,,,,,,,
Gia Lai,An Giang,78,114,,,,,,,,,,,,
Hà Giang,An Giang,84,120,,,,,,,,,,,,
Hà Nam,An Giang,84,120,,,,,,,,,,,,
Hà N?i,An Giang,84,120,,,,,,,,,,,,
Hà T?nh,An Giang,84,120,,,,,,,,,,,,
H?i D??ng,An Giang,78,114,,,,,,,,,,,,
H?i Phòng,An Giang,78,114,,,,,,,,,,,,
TP. H? Chí Minh,An Giang,66,102,,,,,,,,,,,,
Hòa Bình,An Giang,84,120,,,,,,,,,,,,
H?ng Yên,An Giang,78,114,,,,,,,,,,,,
Khánh Hòa,An Giang,78,114,,,,,,,,,,,,
Kon Tum,An Giang,84,120,,,,,,,,,,,,
Lai Châu,An Giang,84,120,,,,,,,,,,,,
Lâm ??ng,An Giang,78,114,,,,,,,,,,,,
L?ng S?n,An Giang,84,120,,,,,,,,,,,,
Lào Cai,An Giang,84,120,,,,,,,,,,,,
Nam ??nh,An Giang,84,120,,,,,,,,,,,,
Ngh? An,An Giang,84,120,,,,,,,,,,,,
Ninh Bình,An Giang,84,120,,,,,,,,,,,,
Ninh Thu?n,An Giang,84,120,,,,,,,,,,,,
Phú Th?,An Giang,84,120,,,,,,,,,,,,
Phú Yên,An Giang,84,120,,,,,,,,,,,,
Qu?ng Bình,An Giang,84,120,,,,,,,,,,,,
Qu?ng Nam,An Giang,84,120,,,,,,,,,,,,
Qu?ng Ngãi,An Giang,84,120,,,,,,,,,,,,
Qu?ng Ninh,An Giang,84,120,,,,,,,,,,,,
Qu?ng Tr?,An Giang,84,120,,,,,,,,,,,,
S?n La,An Giang,84,120,,,,,,,,,,,,
Thái Bình,An Giang,84,120,,,,,,,,,,,,
Thái Nguyên,An Giang,84,120,,,,,,,,,,,,
Thanh Hóa,An Giang,84,120,,,,,,,,,,,,
Th?a Thiên Hu?,An Giang,84,120,,,,,,,,,,,,
Tuyên Quang,An Giang,84,120,,,,,,,,,,,,
V?nh Phúc,An Giang,84,120,,,,,,,,,,,,
Yên Bái,An Giang,84,120,,,,,,,,,,,,
Bà R?a - V?ng Tàu,An Giang,72,108,,,,,,,,,,,,
B?c Liêu,An Giang,66,102,,,,,,,,,,,,
B?n Tre,An Giang,72,108,,,,,,,,,,,,
Bình D??ng,An Giang,72,108,,,,,,,,,,,,
Bình Ph??c,An Giang,78,114,,,,,,,,,,,,
Cà Mau,An Giang,66,102,,,,,,,,,,,,
??ng Nai,An Giang,72,108,,,,,,,,,,,,
Long An,An Giang,72,108,,,,,,,,,,,,
Sóc Tr?ng,An Giang,66,102,,,,,,,,,,,,
Tây Ninh,An Giang,72,108,,,,,,,,,,,,
Ti?n Giang,An Giang,72,108,,,,,,,,,,,,
Trà Vinh,An Giang,66,102,,,,,,,,,,,,
??ng Nai,Bà R?a - V?ng Tàu,54,102,,,,,,,,,,,,
Bà R?a - V?ng Tàu,Bà R?a - V?ng Tàu,24,72,,,,,,,,,,,,
TP. H? Chí Minh,Bà R?a - V?ng Tàu,54,102,,,,,,,,,,,,
B?c Giang,Bà R?a - V?ng Tàu,78,114,,,,,,,,,,,,
B?c K?n,Bà R?a - V?ng Tàu,78,114,,,,,,,,,,,,
B?c Liêu,Bà R?a - V?ng Tàu,84,120,,,,,,,,,,,,
B?c Ninh,Bà R?a - V?ng Tàu,78,114,,,,,,,,,,,,
Bình ??nh,Bà R?a - V?ng Tàu,84,120,,,,,,,,,,,,
Cà Mau,Bà R?a - V?ng Tàu,84,120,,,,,,,,,,,,
Cao B?ng,Bà R?a - V?ng Tàu,78,114,,,,,,,,,,,,
?à N?ng,Bà R?a - V?ng Tàu,78,114,,,,,,,,,,,,
??k L?k,Bà R?a - V?ng Tàu,66,102,,,,,,,,,,,,
?i?n Biên,Bà R?a - V?ng Tàu,84,120,,,,,,,,,,,,
Gia Lai,Bà R?a - V?ng Tàu,78,114,,,,,,,,,,,,
Hà Giang,Bà R?a - V?ng Tàu,84,120,,,,,,,,,,,,
Hà Nam,Bà R?a - V?ng Tàu,78,114,,,,,,,,,,,,
Hà N?i,Bà R?a - V?ng Tàu,78,114,,,,,,,,,,,,
Hà T?nh,Bà R?a - V?ng Tàu,84,120,,,,,,,,,,,,
H?i D??ng,Bà R?a - V?ng Tàu,78,114,,,,,,,,,,,,
H?i Phòng,Bà R?a - V?ng Tàu,78,114,,,,,,,,,,,,
Hòa Bình,Bà R?a - V?ng Tàu,78,114,,,,,,,,,,,,
H?ng Yên,Bà R?a - V?ng Tàu,78,114,,,,,,,,,,,,
Khánh Hòa,Bà R?a - V?ng Tàu,66,102,,,,,,,,,,,,
Kiên Giang,Bà R?a - V?ng Tàu,66,102,,,,,,,,,,,,
Kon Tum,Bà R?a - V?ng Tàu,84,120,,,,,,,,,,,,
Lai Châu,Bà R?a - V?ng Tàu,84,120,,,,,,,,,,,,
L?ng S?n,Bà R?a - V?ng Tàu,78,114,,,,,,,,,,,,
Lào Cai,Bà R?a - V?ng Tàu,84,120,,,,,,,,,,,,
Nam ??nh,Bà R?a - V?ng Tàu,78,114,,,,,,,,,,,,
Ngh? An,Bà R?a - V?ng Tàu,78,114,,,,,,,,,,,,
Ninh Bình,Bà R?a - V?ng Tàu,78,114,,,,,,,,,,,,
Ninh Thu?n,Bà R?a - V?ng Tàu,84,120,,,,,,,,,,,,
Phú Th?,Bà R?a - V?ng Tàu,78,114,,,,,,,,,,,,
Phú Yên,Bà R?a - V?ng Tàu,78,114,,,,,,,,,,,,
Qu?ng Bình,Bà R?a - V?ng Tàu,84,120,,,,,,,,,,,,
Qu?ng Nam,Bà R?a - V?ng Tàu,78,114,,,,,,,,,,,,
Qu?ng Ngãi,Bà R?a - V?ng Tàu,78,114,,,,,,,,,,,,
Qu?ng Ninh,Bà R?a - V?ng Tàu,78,114,,,,,,,,,,,,
Qu?ng Tr?,Bà R?a - V?ng Tàu,78,114,,,,,,,,,,,,
Sóc Tr?ng,Bà R?a - V?ng Tàu,78,114,,,,,,,,,,,,
S?n La,Bà R?a - V?ng Tàu,84,120,,,,,,,,,,,,
Thái Bình,Bà R?a - V?ng Tàu,78,114,,,,,,,,,,,,
Thái Nguyên,Bà R?a - V?ng Tàu,78,114,,,,,,,,,,,,
Thanh Hóa,Bà R?a - V?ng Tàu,78,114,,,,,,,,,,,,
Th?a Thiên Hu?,Bà R?a - V?ng Tàu,78,114,,,,,,,,,,,,
Tuyên Quang,Bà R?a - V?ng Tàu,78,114,,,,,,,,,,,,
V?nh Phúc,Bà R?a - V?ng Tàu,78,114,,,,,,,,,,,,
Yên Bái,Bà R?a - V?ng Tàu,84,120,,,,,,,,,,,,
An Giang,Bà R?a - V?ng Tàu,66,102,,,,,,,,,,,,
B?n Tre,Bà R?a - V?ng Tàu,66,102,,,,,,,,,,,,
Bình D??ng,Bà R?a - V?ng Tàu,66,102,,,,,,,,,,,,
Bình Ph??c,Bà R?a - V?ng Tàu,66,102,,,,,,,,,,,,
Bình Thu?n,Bà R?a - V?ng Tàu,72,108,,,,,,,,,,,,
C?n Th?,Bà R?a - V?ng Tàu,66,102,,,,,,,,,,,,
??k Nông,Bà R?a - V?ng Tàu,66,102,,,,,,,,,,,,
??ng Tháp,Bà R?a - V?ng Tàu,66,102,,,,,,,,,,,,
H?u Giang,Bà R?a - V?ng Tàu,66,102,,,,,,,,,,,,
Lâm ??ng,Bà R?a - V?ng Tàu,72,108,,,,,,,,,,,,
Long An,Bà R?a - V?ng Tàu,66,102,,,,,,,,,,,,
Tây Ninh,Bà R?a - V?ng Tàu,66,102,,,,,,,,,,,,
Ti?n Giang,Bà R?a - V?ng Tàu,66,102,,,,,,,,,,,,
Trà Vinh,Bà R?a - V?ng Tàu,66,102,,,,,,,,,,,,
V?nh Long,Bà R?a - V?ng Tàu,66,102,,,,,,,,,,,,
B?c Ninh,B?c Giang,48,96,,,,,,,,,,,,
Hà N?i,B?c Giang,54,102,,,,,,,,,,,,
B?c Giang,B?c Giang,24,72,,,,,,,,,,,,
H?i D??ng,B?c Giang,54,102,,,,,,,,,,,,
H?ng Yên,B?c Giang,54,102,,,,,,,,,,,,
L?ng S?n,B?c Giang,48,96,,,,,,,,,,,,
Thái Nguyên,B?c Giang,54,102,,,,,,,,,,,,
V?nh Phúc,B?c Giang,54,102,,,,,,,,,,,,
An Giang,B?c Giang,84,120,,,,,,,,,,,,
Bà R?a - V?ng Tàu,B?c Giang,84,120,,,,,,,,,,,,
B?c Liêu,B?c Giang,90,126,,,,,,,,,,,,
B?n Tre,B?c Giang,84,120,,,,,,,,,,,,
Bình ??nh,B?c Giang,84,120,,,,,,,,,,,,
Bình D??ng,B?c Giang,84,120,,,,,,,,,,,,
Bình Ph??c,B?c Giang,84,120,,,,,,,,,,,,
Bình Thu?n,B?c Giang,84,120,,,,,,,,,,,,
Cà Mau,B?c Giang,90,126,,,,,,,,,,,,
C?n Th?,B?c Giang,84,120,,,,,,,,,,,,
?à N?ng,B?c Giang,72,108,,,,,,,,,,,,
??k L?k,B?c Giang,84,120,,,,,,,,,,,,
??k Nông,B?c Giang,84,120,,,,,,,,,,,,
?i?n Biên,B?c Giang,78,114,,,,,,,,,,,,
??ng Nai,B?c Giang,84,120,,,,,,,,,,,,
??ng Tháp,B?c Giang,84,120,,,,,,,,,,,,
Gia Lai,B?c Giang,84,120,,,,,,,,,,,,
Hà Giang,B?c Giang,84,120,,,,,,,,,,,,
Hà T?nh,B?c Giang,78,114,,,,,,,,,,,,
H?u Giang,B?c Giang,84,120,,,,,,,,,,,,
TP. H? Chí Minh,B?c Giang,66,102,,,,,,,,,,,,
Khánh Hòa,B?c Giang,84,120,,,,,,,,,,,,
Kiên Giang,B?c Giang,84,120,,,,,,,,,,,,
Kon Tum,B?c Giang,84,120,,,,,,,,,,,,
Lai Châu,B?c Giang,84,120,,,,,,,,,,,,
Lâm ??ng,B?c Giang,84,120,,,,,,,,,,,,
Lào Cai,B?c Giang,78,114,,,,,,,,,,,,
Long An,B?c Giang,84,120,,,,,,,,,,,,
Ngh? An,B?c Giang,66,102,,,,,,,,,,,,
Ninh Thu?n,B?c Giang,84,120,,,,,,,,,,,,
Phú Yên,B?c Giang,84,120,,,,,,,,,,,,
Qu?ng Bình,B?c Giang,78,114,,,,,,,,,,,,
Qu?ng Nam,B?c Giang,78,114,,,,,,,,,,,,
Qu?ng Ngãi,B?c Giang,78,114,,,,,,,,,,,,
Qu?ng Tr?,B?c Giang,78,114,,,,,,,,,,,,
Sóc Tr?ng,B?c Giang,90,126,,,,,,,,,,,,
S?n La,B?c Giang,78,114,,,,,,,,,,,,
Tây Ninh,B?c Giang,84,120,,,,,,,,,,,,
Th?a Thiên Hu?,B?c Giang,78,114,,,,,,,,,,,,
Ti?n Giang,B?c Giang,84,120,,,,,,,,,,,,
Trà Vinh,B?c Giang,84,120,,,,,,,,,,,,
V?nh Long,B?c Giang,84,120,,,,,,,,,,,,
B?c K?n,B?c Giang,66,102,,,,,,,,,,,,
Cao B?ng,B?c Giang,66,102,,,,,,,,,,,,
Hà Nam,B?c Giang,66,102,,,,,,,,,,,,
H?i Phòng,B?c Giang,66,102,,,,,,,,,,,,
Hòa Bình,B?c Giang,66,102,,,,,,,,,,,,
Nam ??nh,B?c Giang,66,102,,,,,,,,,,,,
Ninh Bình,B?c Giang,66,102,,,,,,,,,,,,
Phú Th?,B?c Giang,66,102,,,,,,,,,,,,
Qu?ng Ninh,B?c Giang,72,108,,,,,,,,,,,,
Thái Bình,B?c Giang,66,102,,,,,,,,,,,,
Thanh Hóa,B?c Giang,66,102,,,,,,,,,,,,
Tuyên Quang,B?c Giang,66,102,,,,,,,,,,,,
Yên Bái,B?c Giang,78,114,,,,,,,,,,,,
Thái Nguyên,B?c K?n,48,102,,,,,,,,,,,,
An Giang,B?c K?n,90,144,,,,,,,,,,,,
Bà R?a - V?ng Tàu,B?c K?n,84,138,,,,,,,,,,,,
B?c K?n,B?c K?n,24,78,,,,,,,,,,,,
B?c Liêu,B?c K?n,90,144,,,,,,,,,,,,
B?n Tre,B?c K?n,84,138,,,,,,,,,,,,
Bình ??nh,B?c K?n,84,138,,,,,,,,,,,,
Bình D??ng,B?c K?n,84,138,,,,,,,,,,,,
Bình Ph??c,B?c K?n,84,138,,,,,,,,,,,,
Bình Thu?n,B?c K?n,84,138,,,,,,,,,,,,
Cà Mau,B?c K?n,90,144,,,,,,,,,,,,
C?n Th?,B?c K?n,90,144,,,,,,,,,,,,
?à N?ng,B?c K?n,72,126,,,,,,,,,,,,
??k L?k,B?c K?n,84,138,,,,,,,,,,,,
??k Nông,B?c K?n,84,138,,,,,,,,,,,,
?i?n Biên,B?c K?n,78,132,,,,,,,,,,,,
??ng Nai,B?c K?n,84,138,,,,,,,,,,,,
??ng Tháp,B?c K?n,90,144,,,,,,,,,,,,
Gia Lai,B?c K?n,84,138,,,,,,,,,,,,
Hà T?nh,B?c K?n,78,132,,,,,,,,,,,,
H?u Giang,B?c K?n,90,144,,,,,,,,,,,,
TP. H? Chí Minh,B?c K?n,72,126,,,,,,,,,,,,
Khánh Hòa,B?c K?n,84,138,,,,,,,,,,,,
Kiên Giang,B?c K?n,90,144,,,,,,,,,,,,
Kon Tum,B?c K?n,84,138,,,,,,,,,,,,
Lai Châu,B?c K?n,84,138,,,,,,,,,,,,
Lâm ??ng,B?c K?n,84,138,,,,,,,,,,,,
Lào Cai,B?c K?n,84,138,,,,,,,,,,,,
Long An,B?c K?n,84,138,,,,,,,,,,,,
Ngh? An,B?c K?n,66,120,,,,,,,,,,,,
Ninh Thu?n,B?c K?n,84,138,,,,,,,,,,,,
Phú Yên,B?c K?n,84,138,,,,,,,,,,,,
Qu?ng Bình,B?c K?n,78,132,,,,,,,,,,,,
Qu?ng Nam,B?c K?n,78,132,,,,,,,,,,,,
Qu?ng Ngãi,B?c K?n,78,132,,,,,,,,,,,,
Qu?ng Tr?,B?c K?n,78,132,,,,,,,,,,,,
Sóc Tr?ng,B?c K?n,90,144,,,,,,,,,,,,
S?n La,B?c K?n,78,132,,,,,,,,,,,,
Tây Ninh,B?c K?n,84,138,,,,,,,,,,,,
Thanh Hóa,B?c K?n,66,120,,,,,,,,,,,,
Th?a Thiên Hu?,B?c K?n,84,138,,,,,,,,,,,,
Ti?n Giang,B?c K?n,84,138,,,,,,,,,,,,
Trà Vinh,B?c K?n,90,144,,,,,,,,,,,,
V?nh Long,B?c K?n,90,144,,,,,,,,,,,,
B?c Giang,B?c K?n,66,120,,,,,,,,,,,,
B?c Ninh,B?c K?n,66,120,,,,,,,,,,,,
Cao B?ng,B?c K?n,60,114,,,,,,,,,,,,
Hà Giang,B?c K?n,84,138,,,,,,,,,,,,
Hà Nam,B?c K?n,66,120,,,,,,,,,,,,
Hà N?i,B?c K?n,66,120,,,,,,,,,,,,
H?i D??ng,B?c K?n,66,120,,,,,,,,,,,,
H?i Phòng,B?c K?n,66,120,,,,,,,,,,,,
Hòa Bình,B?c K?n,66,120,,,,,,,,,,,,
H?ng Yên,B?c K?n,66,120,,,,,,,,,,,,
L?ng S?n,B?c K?n,66,120,,,,,,,,,,,,
Nam ??nh,B?c K?n,66,120,,,,,,,,,,,,
Ninh Bình,B?c K?n,66,120,,,,,,,,,,,,
Phú Th?,B?c K?n,66,120,,,,,,,,,,,,
Qu?ng Ninh,B?c K?n,72,126,,,,,,,,,,,,
Thái Bình,B?c K?n,66,120,,,,,,,,,,,,
Tuyên Quang,B?c K?n,66,120,,,,,,,,,,,,
V?nh Phúc,B?c K?n,66,120,,,,,,,,,,,,
Yên Bái,B?c K?n,78,132,,,,,,,,,,,,
Cà Mau,B?c Liêu,54,102,,,,,,,,,,,,
H?u Giang,B?c Liêu,54,102,,,,,,,,,,,,
Sóc Tr?ng,B?c Liêu,54,102,,,,,,,,,,,,
Bà R?a - V?ng Tàu,B?c Liêu,72,108,,,,,,,,,,,,
B?c Liêu,B?c Liêu,24,72,,,,,,,,,,,,
B?c Giang,B?c Liêu,84,120,,,,,,,,,,,,
B?c K?n,B?c Liêu,84,120,,,,,,,,,,,,
B?c Ninh,B?c Liêu,84,120,,,,,,,,,,,,
Bình ??nh,B?c Liêu,84,120,,,,,,,,,,,,
Bình Ph??c,B?c Liêu,78,114,,,,,,,,,,,,
Bình Thu?n,B?c Liêu,84,120,,,,,,,,,,,,
Cao B?ng,B?c Liêu,84,120,,,,,,,,,,,,
?à N?ng,B?c Liêu,84,120,,,,,,,,,,,,
??k L?k,B?c Liêu,84,120,,,,,,,,,,,,
??k Nông,B?c Liêu,78,114,,,,,,,,,,,,
?i?n Biên,B?c Liêu,84,120,,,,,,,,,,,,
Gia Lai,B?c Liêu,78,114,,,,,,,,,,,,
Hà Giang,B?c Liêu,84,120,,,,,,,,,,,,
Hà Nam,B?c Liêu,84,120,,,,,,,,,,,,
Hà N?i,B?c Liêu,84,120,,,,,,,,,,,,
Hà T?nh,B?c Liêu,84,120,,,,,,,,,,,,
H?i D??ng,B?c Liêu,78,114,,,,,,,,,,,,
H?i Phòng,B?c Liêu,78,114,,,,,,,,,,,,
Hòa Bình,B?c Liêu,84,120,,,,,,,,,,,,
H?ng Yên,B?c Liêu,78,114,,,,,,,,,,,,
Khánh Hòa,B?c Liêu,78,114,,,,,,,,,,,,
Kon Tum,B?c Liêu,84,120,,,,,,,,,,,,
Lai Châu,B?c Liêu,84,120,,,,,,,,,,,,
Lâm ??ng,B?c Liêu,78,114,,,,,,,,,,,,
L?ng S?n,B?c Liêu,84,120,,,,,,,,,,,,
Lào Cai,B?c Liêu,84,120,,,,,,,,,,,,
Nam ??nh,B?c Liêu,84,120,,,,,,,,,,,,
Ngh? An,B?c Liêu,84,120,,,,,,,,,,,,
Ninh Bình,B?c Liêu,84,120,,,,,,,,,,,,
Ninh Thu?n,B?c Liêu,84,120,,,,,,,,,,,,
Phú Th?,B?c Liêu,84,120,,,,,,,,,,,,
Phú Yên,B?c Liêu,84,120,,,,,,,,,,,,
Qu?ng Bình,B?c Liêu,84,120,,,,,,,,,,,,
Qu?ng Nam,B?c Liêu,84,120,,,,,,,,,,,,
Qu?ng Ngãi,B?c Liêu,84,120,,,,,,,,,,,,
Qu?ng Ninh,B?c Liêu,84,120,,,,,,,,,,,,
Qu?ng Tr?,B?c Liêu,84,120,,,,,,,,,,,,
S?n La,B?c Liêu,84,120,,,,,,,,,,,,
Tây Ninh,B?c Liêu,72,108,,,,,,,,,,,,
Thái Bình,B?c Liêu,84,120,,,,,,,,,,,,
Thái Nguyên,B?c Liêu,84,120,,,,,,,,,,,,
Thanh Hóa,B?c Liêu,84,120,,,,,,,,,,,,
Th?a Thiên Hu?,B?c Liêu,84,120,,,,,,,,,,,,
Tuyên Quang,B?c Liêu,84,120,,,,,,,,,,,,
V?nh Phúc,B?c Liêu,84,120,,,,,,,,,,,,
Yên Bái,B?c Liêu,84,120,,,,,,,,,,,,
An Giang,B?c Liêu,66,102,,,,,,,,,,,,
B?n Tre,B?c Liêu,72,108,,,,,,,,,,,,
Bình D??ng,B?c Liêu,72,108,,,,,,,,,,,,
C?n Th?,B?c Liêu,66,102,,,,,,,,,,,,
??ng Nai,B?c Liêu,72,108,,,,,,,,,,,,
??ng Tháp,B?c Liêu,66,102,,,,,,,,,,,,
TP. H? Chí Minh,B?c Liêu,66,102,,,,,,,,,,,,
Kiên Giang,B?c Liêu,66,102,,,,,,,,,,,,
Long An,B?c Liêu,72,108,,,,,,,,,,,,
Ti?n Giang,B?c Liêu,72,108,,,,,,,,,,,,
Trà Vinh,B?c Liêu,66,102,,,,,,,,,,,,
V?nh Long,B?c Liêu,66,102,,,,,,,,,,,,
B?c Giang,B?c Ninh,54,102,,,,,,,,,,,,
Hà Nam,B?c Ninh,54,102,,,,,,,,,,,,
Hà N?i,B?c Ninh,54,102,,,,,,,,,,,,
H?i D??ng,B?c Ninh,54,102,,,,,,,,,,,,
H?ng Yên,B?c Ninh,54,102,,,,,,,,,,,,
B?c Ninh,B?c Ninh,24,72,,,,,,,,,,,,
Thái Nguyên,B?c Ninh,54,102,,,,,,,,,,,,
V?nh Phúc,B?c Ninh,54,102,,,,,,,,,,,,
An Giang,B?c Ninh,84,120,,,,,,,,,,,,
Bà R?a - V?ng Tàu,B?c Ninh,84,120,,,,,,,,,,,,
B?c Liêu,B?c Ninh,90,126,,,,,,,,,,,,
B?n Tre,B?c Ninh,84,120,,,,,,,,,,,,
Bình ??nh,B?c Ninh,84,120,,,,,,,,,,,,
Bình D??ng,B?c Ninh,84,120,,,,,,,,,,,,
Bình Ph??c,B?c Ninh,84,120,,,,,,,,,,,,
Bình Thu?n,B?c Ninh,84,120,,,,,,,,,,,,
Cà Mau,B?c Ninh,90,126,,,,,,,,,,,,
C?n Th?,B?c Ninh,84,120,,,,,,,,,,,,
?à N?ng,B?c Ninh,72,108,,,,,,,,,,,,
??k L?k,B?c Ninh,84,120,,,,,,,,,,,,
??k Nông,B?c Ninh,84,120,,,,,,,,,,,,
?i?n Biên,B?c Ninh,78,114,,,,,,,,,,,,
??ng Nai,B?c Ninh,84,120,,,,,,,,,,,,
??ng Tháp,B?c Ninh,84,120,,,,,,,,,,,,
Gia Lai,B?c Ninh,84,120,,,,,,,,,,,,
Hà Giang,B?c Ninh,84,120,,,,,,,,,,,,
Hà T?nh,B?c Ninh,78,114,,,,,,,,,,,,
H?u Giang,B?c Ninh,84,120,,,,,,,,,,,,
TP. H? Chí Minh,B?c Ninh,72,108,,,,,,,,,,,,
Khánh Hòa,B?c Ninh,84,120,,,,,,,,,,,,
Kiên Giang,B?c Ninh,84,120,,,,,,,,,,,,
Kon Tum,B?c Ninh,84,120,,,,,,,,,,,,
Lai Châu,B?c Ninh,84,120,,,,,,,,,,,,
Lâm ??ng,B?c Ninh,84,120,,,,,,,,,,,,
Long An,B?c Ninh,84,120,,,,,,,,,,,,
Ngh? An,B?c Ninh,66,102,,,,,,,,,,,,
Ninh Thu?n,B?c Ninh,84,120,,,,,,,,,,,,
Phú Yên,B?c Ninh,84,120,,,,,,,,,,,,
Qu?ng Bình,B?c Ninh,78,114,,,,,,,,,,,,
Qu?ng Nam,B?c Ninh,78,114,,,,,,,,,,,,
Qu?ng Ngãi,B?c Ninh,78,114,,,,,,,,,,,,
Qu?ng Tr?,B?c Ninh,78,114,,,,,,,,,,,,
Sóc Tr?ng,B?c Ninh,90,126,,,,,,,,,,,,
S?n La,B?c Ninh,78,114,,,,,,,,,,,,
Tây Ninh,B?c Ninh,84,120,,,,,,,,,,,,
Th?a Thiên Hu?,B?c Ninh,78,114,,,,,,,,,,,,
Ti?n Giang,B?c Ninh,84,120,,,,,,,,,,,,
Trà Vinh,B?c Ninh,84,120,,,,,,,,,,,,
V?nh Long,B?c Ninh,84,120,,,,,,,,,,,,
B?c K?n,B?c Ninh,66,102,,,,,,,,,,,,
Cao B?ng,B?c Ninh,60,96,,,,,,,,,,,,
H?i Phòng,B?c Ninh,66,102,,,,,,,,,,,,
Hòa Bình,B?c Ninh,66,102,,,,,,,,,,,,
L?ng S?n,B?c Ninh,66,102,,,,,,,,,,,,
Lào Cai,B?c Ninh,84,120,,,,,,,,,,,,
Nam ??nh,B?c Ninh,66,102,,,,,,,,,,,,
Ninh Bình,B?c Ninh,66,102,,,,,,,,,,,,
Phú Th?,B?c Ninh,66,102,,,,,,,,,,,,
Qu?ng Ninh,B?c Ninh,72,108,,,,,,,,,,,,
Thái Bình,B?c Ninh,54,102,,,,,,,,,,,,
Thanh Hóa,B?c Ninh,66,102,,,,,,,,,,,,
Tuyên Quang,B?c Ninh,66,102,,,,,,,,,,,,
Yên Bái,B?c Ninh,78,114,,,,,,,,,,,,
TP. H? Chí Minh,B?n Tre,54,102,,,,,,,,,,,,
Long An,B?n Tre,54,102,,,,,,,,,,,,
Ti?n Giang,B?n Tre,54,102,,,,,,,,,,,,
Trà Vinh,B?n Tre,54,102,,,,,,,,,,,,
V?nh Long,B?n Tre,54,102,,,,,,,,,,,,
B?c Giang,B?n Tre,78,114,,,,,,,,,,,,
B?n Tre,B?n Tre,24,72,,,,,,,,,,,,
B?c K?n,B?n Tre,84,120,,,,,,,,,,,,
B?c Ninh,B?n Tre,84,120,,,,,,,,,,,,
Bình ??nh,B?n Tre,84,120,,,,,,,,,,,,
Cao B?ng,B?n Tre,84,120,,,,,,,,,,,,
?à N?ng,B?n Tre,78,114,,,,,,,,,,,,
??k L?k,B?n Tre,84,120,,,,,,,,,,,,
??k Nông,B?n Tre,78,114,,,,,,,,,,,,
?i?n Biên,B?n Tre,84,120,,,,,,,,,,,,
Gia Lai,B?n Tre,84,120,,,,,,,,,,,,
Hà Giang,B?n Tre,84,120,,,,,,,,,,,,
Hà Nam,B?n Tre,84,120,,,,,,,,,,,,
Hà N?i,B?n Tre,78,114,,,,,,,,,,,,
Hà T?nh,B?n Tre,84,120,,,,,,,,,,,,
H?i D??ng,B?n Tre,84,120,,,,,,,,,,,,
H?i Phòng,B?n Tre,84,120,,,,,,,,,,,,
Hòa Bình,B?n Tre,84,120,,,,,,,,,,,,
H?ng Yên,B?n Tre,84,120,,,,,,,,,,,,
Khánh Hòa,B?n Tre,78,114,,,,,,,,,,,,
Kon Tum,B?n Tre,84,120,,,,,,,,,,,,
Lai Châu,B?n Tre,84,120,,,,,,,,,,,,
Lâm ??ng,B?n Tre,78,114,,,,,,,,,,,,
L?ng S?n,B?n Tre,84,120,,,,,,,,,,,,
Lào Cai,B?n Tre,84,120,,,,,,,,,,,,
Nam ??nh,B?n Tre,84,120,,,,,,,,,,,,
Ngh? An,B?n Tre,84,120,,,,,,,,,,,,
Ninh Bình,B?n Tre,84,120,,,,,,,,,,,,
Ninh Thu?n,B?n Tre,84,120,,,,,,,,,,,,
Phú Th?,B?n Tre,84,120,,,,,,,,,,,,
Phú Yên,B?n Tre,84,120,,,,,,,,,,,,
Qu?ng Bình,B?n Tre,84,120,,,,,,,,,,,,
Qu?ng Nam,B?n Tre,78,114,,,,,,,,,,,,
Qu?ng Ngãi,B?n Tre,78,114,,,,,,,,,,,,
Qu?ng Ninh,B?n Tre,84,120,,,,,,,,,,,,
Qu?ng Tr?,B?n Tre,78,114,,,,,,,,,,,,
S?n La,B?n Tre,84,120,,,,,,,,,,,,
Thái Bình,B?n Tre,84,120,,,,,,,,,,,,
Thái Nguyên,B?n Tre,84,120,,,,,,,,,,,,
Thanh Hóa,B?n Tre,84,120,,,,,,,,,,,,
Th?a Thiên Hu?,B?n Tre,78,114,,,,,,,,,,,,
Tuyên Quang,B?n Tre,84,120,,,,,,,,,,,,
V?nh Phúc,B?n Tre,84,120,,,,,,,,,,,,
Yên Bái,B?n Tre,84,120,,,,,,,,,,,,
An Giang,B?n Tre,66,102,,,,,,,,,,,,
Bà R?a - V?ng Tàu,B?n Tre,66,102,,,,,,,,,,,,
B?c Liêu,B?n Tre,72,108,,,,,,,,,,,,
Bình D??ng,B?n Tre,66,102,,,,,,,,,,,,
Bình Ph??c,B?n Tre,78,114,,,,,,,,,,,,
Bình Thu?n,B?n Tre,78,114,,,,,,,,,,,,
Cà Mau,B?n Tre,72,108,,,,,,,,,,,,
C?n Th?,B?n Tre,66,102,,,,,,,,,,,,
??ng Nai,B?n Tre,66,102,,,,,,,,,,,,
??ng Tháp,B?n Tre,66,102,,,,,,,,,,,,
H?u Giang,B?n Tre,66,102,,,,,,,,,,,,
Kiên Giang,B?n Tre,66,102,,,,,,,,,,,,
Sóc Tr?ng,B?n Tre,72,108,,,,,,,,,,,,
Tây Ninh,B?n Tre,66,102,,,,,,,,,,,,
Phú Yên,Bình ??nh,72,126,,,,,,,,,,,,
An Giang,Bình ??nh,78,120,,,,,,,,,,,,
Bà R?a - V?ng Tàu,Bình ??nh,84,126,,,,,,,,,,,,
B?c Giang,Bình ??nh,78,120,,,,,,,,,,,,
B?c K?n,Bình ??nh,84,126,,,,,,,,,,,,
B?c Liêu,Bình ??nh,84,126,,,,,,,,,,,,
B?c Ninh,Bình ??nh,84,126,,,,,,,,,,,,
Bình ??nh,Bình ??nh,24,78,,,,,,,,,,,,
B?n Tre,Bình ??nh,84,126,,,,,,,,,,,,
Bình D??ng,Bình ??nh,84,126,,,,,,,,,,,,
Bình Ph??c,Bình ??nh,84,126,,,,,,,,,,,,
Bình Thu?n,Bình ??nh,78,120,,,,,,,,,,,,
Cà Mau,Bình ??nh,84,126,,,,,,,,,,,,
C?n Th?,Bình ??nh,78,120,,,,,,,,,,,,
Cao B?ng,Bình ??nh,84,126,,,,,,,,,,,,
?à N?ng,Bình ??nh,72,114,,,,,,,,,,,,
??k L?k,Bình ??nh,84,126,,,,,,,,,,,,
??k Nông,Bình ??nh,84,126,,,,,,,,,,,,
?i?n Biên,Bình ??nh,84,126,,,,,,,,,,,,
??ng Nai,Bình ??nh,84,126,,,,,,,,,,,,
??ng Tháp,Bình ??nh,78,120,,,,,,,,,,,,
Gia Lai,Bình ??nh,84,126,,,,,,,,,,,,
Hà Giang,Bình ??nh,84,126,,,,,,,,,,,,
Hà Nam,Bình ??nh,84,126,,,,,,,,,,,,
Hà N?i,Bình ??nh,78,120,,,,,,,,,,,,
Hà T?nh,Bình ??nh,84,126,,,,,,,,,,,,
H?i D??ng,Bình ??nh,84,126,,,,,,,,,,,,
H?i Phòng,Bình ??nh,84,126,,,,,,,,,,,,
H?u Giang,Bình ??nh,78,120,,,,,,,,,,,,
TP. H? Chí Minh,Bình ??nh,78,120,,,,,,,,,,,,
Hòa Bình,Bình ??nh,84,126,,,,,,,,,,,,
H?ng Yên,Bình ??nh,84,126,,,,,,,,,,,,
Kiên Giang,Bình ??nh,78,120,,,,,,,,,,,,
Kon Tum,Bình ??nh,78,120,,,,,,,,,,,,
Lai Châu,Bình ??nh,84,126,,,,,,,,,,,,
Lâm ??ng,Bình ??nh,84,126,,,,,,,,,,,,
L?ng S?n,Bình ??nh,84,126,,,,,,,,,,,,
Long An,Bình ??nh,84,126,,,,,,,,,,,,
Nam ??nh,Bình ??nh,78,120,,,,,,,,,,,,
Ngh? An,Bình ??nh,84,126,,,,,,,,,,,,
Ninh Bình,Bình ??nh,84,126,,,,,,,,,,,,
Ninh Thu?n,Bình ??nh,84,126,,,,,,,,,,,,
Phú Th?,Bình ??nh,84,126,,,,,,,,,,,,
Qu?ng Bình,Bình ??nh,78,120,,,,,,,,,,,,
Qu?ng Ninh,Bình ??nh,84,126,,,,,,,,,,,,
Qu?ng Tr?,Bình ??nh,84,126,,,,,,,,,,,,
Sóc Tr?ng,Bình ??nh,84,126,,,,,,,,,,,,
S?n La,Bình ??nh,84,126,,,,,,,,,,,,
Tây Ninh,Bình ??nh,84,126,,,,,,,,,,,,
Thái Bình,Bình ??nh,84,126,,,,,,,,,,,,
Thái Nguyên,Bình ??nh,84,126,,,,,,,,,,,,
Thanh Hóa,Bình ??nh,84,126,,,,,,,,,,,,
Th?a Thiên Hu?,Bình ??nh,72,114,,,,,,,,,,,,
Ti?n Giang,Bình ??nh,84,126,,,,,,,,,,,,
Trà Vinh,Bình ??nh,78,120,,,,,,,,,,,,
Tuyên Quang,Bình ??nh,84,126,,,,,,,,,,,,
V?nh Long,Bình ??nh,78,120,,,,,,,,,,,,
V?nh Phúc,Bình ??nh,84,126,,,,,,,,,,,,
Yên Bái,Bình ??nh,84,126,,,,,,,,,,,,
Khánh Hòa,Bình ??nh,84,126,,,,,,,,,,,,
Lào Cai,Bình ??nh,84,126,,,,,,,,,,,,
Qu?ng Nam,Bình ??nh,72,114,,,,,,,,,,,,
Qu?ng Ngãi,Bình ??nh,66,108,,,,,,,,,,,,
Bình Ph??c,Bình D??ng,54,108,,,,,,,,,,,,
??ng Nai,Bình D??ng,54,108,,,,,,,,,,,,
TP. H? Chí Minh,Bình D??ng,48,102,,,,,,,,,,,,
Long An,Bình D??ng,54,108,,,,,,,,,,,,
Tây Ninh,Bình D??ng,54,108,,,,,,,,,,,,
Ti?n Giang,Bình D??ng,54,108,,,,,,,,,,,,
B?c Giang,Bình D??ng,78,126,,,,,,,,,,,,
B?c K?n,Bình D??ng,78,126,,,,,,,,,,,,
Bình D??ng,Bình D??ng,24,78,,,,,,,,,,,,
B?c Ninh,Bình D??ng,78,126,,,,,,,,,,,,
Bình ??nh,Bình D??ng,84,132,,,,,,,,,,,,
Cà Mau,Bình D??ng,72,120,,,,,,,,,,,,
Cao B?ng,Bình D??ng,78,126,,,,,,,,,,,,
?à N?ng,Bình D??ng,78,126,,,,,,,,,,,,
??k L?k,Bình D??ng,72,120,,,,,,,,,,,,
?i?n Biên,Bình D??ng,84,132,,,,,,,,,,,,
Gia Lai,Bình D??ng,84,132,,,,,,,,,,,,
Hà Giang,Bình D??ng,84,132,,,,,,,,,,,,
Hà Nam,Bình D??ng,78,126,,,,,,,,,,,,
Hà N?i,Bình D??ng,72,120,,,,,,,,,,,,
Hà T?nh,Bình D??ng,84,132,,,,,,,,,,,,
H?i D??ng,Bình D??ng,78,126,,,,,,,,,,,,
H?i Phòng,Bình D??ng,78,126,,,,,,,,,,,,
Hòa Bình,Bình D??ng,78,126,,,,,,,,,,,,
H?ng Yên,Bình D??ng,78,126,,,,,,,,,,,,
Khánh Hòa,Bình D??ng,72,120,,,,,,,,,,,,
Kon Tum,Bình D??ng,84,132,,,,,,,,,,,,
Lai Châu,Bình D??ng,84,132,,,,,,,,,,,,
L?ng S?n,Bình D??ng,78,126,,,,,,,,,,,,
Lào Cai,Bình D??ng,84,132,,,,,,,,,,,,
Nam ??nh,Bình D??ng,78,126,,,,,,,,,,,,
Ngh? An,Bình D??ng,78,126,,,,,,,,,,,,
Ninh Bình,Bình D??ng,78,126,,,,,,,,,,,,
Ninh Thu?n,Bình D??ng,84,132,,,,,,,,,,,,
Phú Th?,Bình D??ng,78,126,,,,,,,,,,,,
Phú Yên,Bình D??ng,78,126,,,,,,,,,,,,
Qu?ng Bình,Bình D??ng,84,132,,,,,,,,,,,,
Qu?ng Nam,Bình D??ng,78,126,,,,,,,,,,,,
Qu?ng Ngãi,Bình D??ng,78,126,,,,,,,,,,,,
Qu?ng Ninh,Bình D??ng,78,126,,,,,,,,,,,,
Qu?ng Tr?,Bình D??ng,78,126,,,,,,,,,,,,
S?n La,Bình D??ng,84,132,,,,,,,,,,,,
Thái Bình,Bình D??ng,78,126,,,,,,,,,,,,
Thái Nguyên,Bình D??ng,78,126,,,,,,,,,,,,
Thanh Hóa,Bình D??ng,78,126,,,,,,,,,,,,
Th?a Thiên Hu?,Bình D??ng,78,126,,,,,,,,,,,,
Tuyên Quang,Bình D??ng,78,126,,,,,,,,,,,,
V?nh Phúc,Bình D??ng,78,126,,,,,,,,,,,,
Yên Bái,Bình D??ng,78,126,,,,,,,,,,,,
An Giang,Bình D??ng,66,114,,,,,,,,,,,,
Bà R?a - V?ng Tàu,Bình D??ng,66,114,,,,,,,,,,,,
B?c Liêu,Bình D??ng,72,120,,,,,,,,,,,,
B?n Tre,Bình D??ng,66,114,,,,,,,,,,,,
Bình Thu?n,Bình D??ng,72,120,,,,,,,,,,,,
C?n Th?,Bình D??ng,66,114,,,,,,,,,,,,
??k Nông,Bình D??ng,66,114,,,,,,,,,,,,
??ng Tháp,Bình D??ng,66,114,,,,,,,,,,,,
H?u Giang,Bình D??ng,66,114,,,,,,,,,,,,
Kiên Giang,Bình D??ng,66,114,,,,,,,,,,,,
Lâm ??ng,Bình D??ng,66,114,,,,,,,,,,,,
Sóc Tr?ng,Bình D??ng,72,120,,,,,,,,,,,,
Trà Vinh,Bình D??ng,66,114,,,,,,,,,,,,
V?nh Long,Bình D??ng,66,114,,,,,,,,,,,,
Bình D??ng,Bình Ph??c,66,120,,,,,,,,,,,,
??ng Nai,Bình Ph??c,66,120,,,,,,,,,,,,
B?c Giang,Bình Ph??c,84,126,,,,,,,,,,,,
B?c K?n,Bình Ph??c,84,126,,,,,,,,,,,,
B?c Liêu,Bình Ph??c,84,126,,,,,,,,,,,,
B?c Ninh,Bình Ph??c,84,126,,,,,,,,,,,,
Bình ??nh,Bình Ph??c,84,126,,,,,,,,,,,,
Cà Mau,Bình Ph??c,84,126,,,,,,,,,,,,
Cao B?ng,Bình Ph??c,84,126,,,,,,,,,,,,
Bình Ph??c,Bình Ph??c,24,78,,,,,,,,,,,,
?à N?ng,Bình Ph??c,78,120,,,,,,,,,,,,
?i?n Biên,Bình Ph??c,84,126,,,,,,,,,,,,
Gia Lai,Bình Ph??c,84,126,,,,,,,,,,,,
Hà Giang,Bình Ph??c,84,126,,,,,,,,,,,,
Hà Nam,Bình Ph??c,84,126,,,,,,,,,,,,
Hà N?i,Bình Ph??c,84,126,,,,,,,,,,,,
Hà T?nh,Bình Ph??c,84,126,,,,,,,,,,,,
H?i D??ng,Bình Ph??c,84,126,,,,,,,,,,,,
H?i Phòng,Bình Ph??c,84,126,,,,,,,,,,,,
H?u Giang,Bình Ph??c,66,108,,,,,,,,,,,,
Hòa Bình,Bình Ph??c,84,126,,,,,,,,,,,,
H?ng Yên,Bình Ph??c,84,126,,,,,,,,,,,,
Khánh Hòa,Bình Ph??c,78,120,,,,,,,,,,,,
Kiên Giang,Bình Ph??c,66,108,,,,,,,,,,,,
Kon Tum,Bình Ph??c,84,126,,,,,,,,,,,,
Lai Châu,Bình Ph??c,84,126,,,,,,,,,,,,
Lâm ??ng,Bình Ph??c,72,114,,,,,,,,,,,,
L?ng S?n,Bình Ph??c,84,126,,,,,,,,,,,,
Lào Cai,Bình Ph??c,84,126,,,,,,,,,,,,
Nam ??nh,Bình Ph??c,84,126,,,,,,,,,,,,
Ngh? An,Bình Ph??c,84,126,,,,,,,,,,,,
Ninh Bình,Bình Ph??c,84,126,,,,,,,,,,,,
Ninh Thu?n,Bình Ph??c,84,126,,,,,,,,,,,,
Phú Th?,Bình Ph??c,84,126,,,,,,,,,,,,
Phú Yên,Bình Ph??c,84,126,,,,,,,,,,,,
Qu?ng Bình,Bình Ph??c,84,126,,,,,,,,,,,,
Qu?ng Nam,Bình Ph??c,78,120,,,,,,,,,,,,
Qu?ng Ngãi,Bình Ph??c,78,120,,,,,,,,,,,,
Qu?ng Ninh,Bình Ph??c,84,126,,,,,,,,,,,,
Qu?ng Tr?,Bình Ph??c,78,120,,,,,,,,,,,,
Sóc Tr?ng,Bình Ph??c,78,120,,,,,,,,,,,,
S?n La,Bình Ph??c,84,126,,,,,,,,,,,,
Thái Bình,Bình Ph??c,84,126,,,,,,,,,,,,
Thái Nguyên,Bình Ph??c,84,126,,,,,,,,,,,,
Thanh Hóa,Bình Ph??c,84,126,,,,,,,,,,,,
Th?a Thiên Hu?,Bình Ph??c,78,120,,,,,,,,,,,,
Tuyên Quang,Bình Ph??c,84,126,,,,,,,,,,,,
V?nh Phúc,Bình Ph??c,84,126,,,,,,,,,,,,
Yên Bái,Bình Ph??c,84,126,,,,,,,,,,,,
An Giang,Bình Ph??c,66,108,,,,,,,,,,,,
Bà R?a - V?ng Tàu,Bình Ph??c,78,120,,,,,,,,,,,,
B?n Tre,Bình Ph??c,78,120,,,,,,,,,,,,
Bình Thu?n,Bình Ph??c,72,114,,,,,,,,,,,,
C?n Th?,Bình Ph??c,66,108,,,,,,,,,,,,
??k L?k,Bình Ph??c,72,114,,,,,,,,,,,,
??k Nông,Bình Ph??c,66,108,,,,,,,,,,,,
??ng Tháp,Bình Ph??c,66,108,,,,,,,,,,,,
TP. H? Chí Minh,Bình Ph??c,66,108,,,,,,,,,,,,
Long An,Bình Ph??c,78,120,,,,,,,,,,,,
Tây Ninh,Bình Ph??c,66,108,,,,,,,,,,,,
Ti?n Giang,Bình Ph??c,78,120,,,,,,,,,,,,
Trà Vinh,Bình Ph??c,66,108,,,,,,,,,,,,
V?nh Long,Bình Ph??c,66,108,,,,,,,,,,,,
An Giang,Bình Thu?n,78,132,,,,,,,,,,,,
B?c Giang,Bình Thu?n,84,138,,,,,,,,,,,,
B?c K?n,Bình Thu?n,84,138,,,,,,,,,,,,
B?c Liêu,Bình Thu?n,78,132,,,,,,,,,,,,
B?c Ninh,Bình Thu?n,84,138,,,,,,,,,,,,
Bình ??nh,Bình Thu?n,78,132,,,,,,,,,,,,
Cà Mau,Bình Thu?n,78,132,,,,,,,,,,,,
C?n Th?,Bình Thu?n,66,120,,,,,,,,,,,,
Cao B?ng,Bình Thu?n,84,138,,,,,,,,,,,,
?à N?ng,Bình Thu?n,78,132,,,,,,,,,,,,
Bình Thu?n,Bình Thu?n,24,78,,,,,,,,,,,,
??k L?k,Bình Thu?n,84,138,,,,,,,,,,,,
??k Nông,Bình Thu?n,78,126,,,,,,,,,,,,
?i?n Biên,Bình Thu?n,84,138,,,,,,,,,,,,
??ng Tháp,Bình Thu?n,66,120,,,,,,,,,,,,
Gia Lai,Bình Thu?n,84,138,,,,,,,,,,,,
Hà Giang,Bình Thu?n,84,138,,,,,,,,,,,,
Hà Nam,Bình Thu?n,84,138,,,,,,,,,,,,
Hà N?i,Bình Thu?n,84,138,,,,,,,,,,,,
Hà T?nh,Bình Thu?n,84,138,,,,,,,,,,,,
H?i D??ng,Bình Thu?n,84,138,,,,,,,,,,,,
H?i Phòng,Bình Thu?n,84,138,,,,,,,,,,,,
H?u Giang,Bình Thu?n,66,120,,,,,,,,,,,,
Hòa Bình,Bình Thu?n,84,138,,,,,,,,,,,,
H?ng Yên,Bình Thu?n,84,138,,,,,,,,,,,,
Kiên Giang,Bình Thu?n,78,132,,,,,,,,,,,,
Kon Tum,Bình Thu?n,84,138,,,,,,,,,,,,
Lai Châu,Bình Thu?n,84,138,,,,,,,,,,,,
Lâm ??ng,Bình Thu?n,84,138,,,,,,,,,,,,
L?ng S?n,Bình Thu?n,84,138,,,,,,,,,,,,
Lào Cai,Bình Thu?n,84,138,,,,,,,,,,,,
Nam ??nh,Bình Thu?n,84,138,,,,,,,,,,,,
Ngh? An,Bình Thu?n,84,138,,,,,,,,,,,,
Ninh Bình,Bình Thu?n,84,138,,,,,,,,,,,,
Phú Th?,Bình Thu?n,84,138,,,,,,,,,,,,
Phú Yên,Bình Thu?n,72,126,,,,,,,,,,,,
Qu?ng Bình,Bình Thu?n,84,138,,,,,,,,,,,,
Qu?ng Nam,Bình Thu?n,78,132,,,,,,,,,,,,
Qu?ng Ngãi,Bình Thu?n,78,132,,,,,,,,,,,,
Qu?ng Ninh,Bình Thu?n,84,138,,,,,,,,,,,,
Qu?ng Tr?,Bình Thu?n,78,132,,,,,,,,,,,,
Sóc Tr?ng,Bình Thu?n,78,132,,,,,,,,,,,,
S?n La,Bình Thu?n,84,138,,,,,,,,,,,,
Thái Bình,Bình Thu?n,84,138,,,,,,,,,,,,
Thái Nguyên,Bình Thu?n,84,138,,,,,,,,,,,,
Thanh Hóa,Bình Thu?n,84,138,,,,,,,,,,,,
Th?a Thiên Hu?,Bình Thu?n,78,132,,,,,,,,,,,,
Trà Vinh,Bình Thu?n,66,120,,,,,,,,,,,,
Tuyên Quang,Bình Thu?n,84,138,,,,,,,,,,,,
V?nh Long,Bình Thu?n,66,120,,,,,,,,,,,,
V?nh Phúc,Bình Thu?n,84,138,,,,,,,,,,,,
Yên Bái,Bình Thu?n,84,138,,,,,,,,,,,,
Bà R?a - V?ng Tàu,Bình Thu?n,72,126,,,,,,,,,,,,
B?n Tre,Bình Thu?n,72,126,,,,,,,,,,,,
Bình D??ng,Bình Thu?n,72,126,,,,,,,,,,,,
Bình Ph??c,Bình Thu?n,72,126,,,,,,,,,,,,
??ng Nai,Bình Thu?n,72,126,,,,,,,,,,,,
TP. H? Chí Minh,Bình Thu?n,72,126,,,,,,,,,,,,
Khánh Hòa,Bình Thu?n,84,138,,,,,,,,,,,,
Long An,Bình Thu?n,72,126,,,,,,,,,,,,
Ninh Thu?n,Bình Thu?n,90,138,,,,,,,,,,,,
Tây Ninh,Bình Thu?n,72,126,,,,,,,,,,,,
Ti?n Giang,Bình Thu?n,72,126,,,,,,,,,,,,
B?c Liêu,Cà Mau,54,102,,,,,,,,,,,,
Bà R?a - V?ng Tàu,Cà Mau,84,120,,,,,,,,,,,,
B?c Giang,Cà Mau,84,120,,,,,,,,,,,,
B?c K?n,Cà Mau,84,120,,,,,,,,,,,,
B?c Ninh,Cà Mau,84,120,,,,,,,,,,,,
Bình ??nh,Cà Mau,84,120,,,,,,,,,,,,
Bình D??ng,Cà Mau,84,120,,,,,,,,,,,,
Bình Ph??c,Cà Mau,84,120,,,,,,,,,,,,
Bình Thu?n,Cà Mau,84,120,,,,,,,,,,,,
Cao B?ng,Cà Mau,84,120,,,,,,,,,,,,
?à N?ng,Cà Mau,84,120,,,,,,,,,,,,
Cà Mau,Cà Mau,24,72,,,,,,,,,,,,
??k L?k,Cà Mau,84,120,,,,,,,,,,,,
??k Nông,Cà Mau,84,120,,,,,,,,,,,,
?i?n Biên,Cà Mau,84,120,,,,,,,,,,,,
??ng Nai,Cà Mau,84,120,,,,,,,,,,,,
Gia Lai,Cà Mau,78,114,,,,,,,,,,,,
Hà Giang,Cà Mau,84,120,,,,,,,,,,,,
Hà Nam,Cà Mau,84,120,,,,,,,,,,,,
Hà N?i,Cà Mau,84,120,,,,,,,,,,,,
Hà T?nh,Cà Mau,84,120,,,,,,,,,,,,
H?i D??ng,Cà Mau,78,114,,,,,,,,,,,,
H?i Phòng,Cà Mau,78,114,,,,,,,,,,,,
TP. H? Chí Minh,Cà Mau,72,108,,,,,,,,,,,,
Hòa Bình,Cà Mau,84,120,,,,,,,,,,,,
H?ng Yên,Cà Mau,78,114,,,,,,,,,,,,
Khánh Hòa,Cà Mau,78,114,,,,,,,,,,,,
Kon Tum,Cà Mau,84,120,,,,,,,,,,,,
Lai Châu,Cà Mau,84,120,,,,,,,,,,,,
Lâm ??ng,Cà Mau,84,120,,,,,,,,,,,,
L?ng S?n,Cà Mau,84,120,,,,,,,,,,,,
Lào Cai,Cà Mau,84,120,,,,,,,,,,,,
Nam ??nh,Cà Mau,84,120,,,,,,,,,,,,
Ngh? An,Cà Mau,84,120,,,,,,,,,,,,
Ninh Bình,Cà Mau,84,120,,,,,,,,,,,,
Ninh Thu?n,Cà Mau,84,120,,,,,,,,,,,,
Phú Th?,Cà Mau,84,120,,,,,,,,,,,,
Phú Yên,Cà Mau,84,120,,,,,,,,,,,,
Qu?ng Bình,Cà Mau,84,120,,,,,,,,,,,,
Qu?ng Nam,Cà Mau,84,120,,,,,,,,,,,,
Qu?ng Ngãi,Cà Mau,84,120,,,,,,,,,,,,
Qu?ng Ninh,Cà Mau,84,120,,,,,,,,,,,,
Qu?ng Tr?,Cà Mau,84,120,,,,,,,,,,,,
S?n La,Cà Mau,84,120,,,,,,,,,,,,
Tây Ninh,Cà Mau,84,120,,,,,,,,,,,,
Thái Bình,Cà Mau,84,120,,,,,,,,,,,,
Thái Nguyên,Cà Mau,84,120,,,,,,,,,,,,
Thanh Hóa,Cà Mau,84,120,,,,,,,,,,,,
Th?a Thiên Hu?,Cà Mau,84,120,,,,,,,,,,,,
Tuyên Quang,Cà Mau,84,120,,,,,,,,,,,,
V?nh Phúc,Cà Mau,84,120,,,,,,,,,,,,
Yên Bái,Cà Mau,84,120,,,,,,,,,,,,
An Giang,Cà Mau,66,102,,,,,,,,,,,,
B?n Tre,Cà Mau,84,120,,,,,,,,,,,,
C?n Th?,Cà Mau,66,102,,,,,,,,,,,,
??ng Tháp,Cà Mau,66,102,,,,,,,,,,,,
H?u Giang,Cà Mau,66,102,,,,,,,,,,,,
Kiên Giang,Cà Mau,66,102,,,,,,,,,,,,
Long An,Cà Mau,84,120,,,,,,,,,,,,
Sóc Tr?ng,Cà Mau,66,102,,,,,,,,,,,,
Ti?n Giang,Cà Mau,84,120,,,,,,,,,,,,
Trà Vinh,Cà Mau,66,102,,,,,,,,,,,,
V?nh Long,Cà Mau,66,102,,,,,,,,,,,,
An Giang,C?n Th?,54,102,,,,,,,,,,,,
??ng Tháp,C?n Th?,54,102,,,,,,,,,,,,
H?u Giang,C?n Th?,54,102,,,,,,,,,,,,
Sóc Tr?ng,C?n Th?,54,102,,,,,,,,,,,,
Trà Vinh,C?n Th?,54,102,,,,,,,,,,,,
V?nh Long,C?n Th?,54,102,,,,,,,,,,,,
B?c Giang,C?n Th?,72,108,,,,,,,,,,,,
B?c K?n,C?n Th?,72,108,,,,,,,,,,,,
B?c Ninh,C?n Th?,72,108,,,,,,,,,,,,
Bình ??nh,C?n Th?,84,120,,,,,,,,,,,,
Bình Thu?n,C?n Th?,78,114,,,,,,,,,,,,
Cao B?ng,C?n Th?,72,108,,,,,,,,,,,,
C?n Th?,C?n Th?,24,72,,,,,,,,,,,,
?à N?ng,C?n Th?,78,114,,,,,,,,,,,,
??k L?k,C?n Th?,84,120,,,,,,,,,,,,
??k Nông,C?n Th?,66,102,,,,,,,,,,,,
?i?n Biên,C?n Th?,78,114,,,,,,,,,,,,
Gia Lai,C?n Th?,78,114,,,,,,,,,,,,
Hà Giang,C?n Th?,84,120,,,,,,,,,,,,
Hà Nam,C?n Th?,72,108,,,,,,,,,,,,
Hà N?i,C?n Th?,66,102,,,,,,,,,,,,
Hà T?nh,C?n Th?,78,114,,,,,,,,,,,,
H?i D??ng,C?n Th?,72,108,,,,,,,,,,,,
H?i Phòng,C?n Th?,72,108,,,,,,,,,,,,
Hòa Bình,C?n Th?,72,108,,,,,,,,,,,,
H?ng Yên,C?n Th?,72,108,,,,,,,,,,,,
Khánh Hòa,C?n Th?,78,114,,,,,,,,,,,,
Kon Tum,C?n Th?,84,120,,,,,,,,,,,,
Lai Châu,C?n Th?,78,114,,,,,,,,,,,,
Lâm ??ng,C?n Th?,78,114,,,,,,,,,,,,
L?ng S?n,C?n Th?,72,108,,,,,,,,,,,,
Lào Cai,C?n Th?,84,120,,,,,,,,,,,,
Nam ??nh,C?n Th?,72,108,,,,,,,,,,,,
Ngh? An,C?n Th?,72,108,,,,,,,,,,,,
Ninh Bình,C?n Th?,72,108,,,,,,,,,,,,
Ninh Thu?n,C?n Th?,84,120,,,,,,,,,,,,
Phú Th?,C?n Th?,72,108,,,,,,,,,,,,
Phú Yên,C?n Th?,84,120,,,,,,,,,,,,
Qu?ng Bình,C?n Th?,78,114,,,,,,,,,,,,
Qu?ng Nam,C?n Th?,78,114,,,,,,,,,,,,
Qu?ng Ngãi,C?n Th?,78,114,,,,,,,,,,,,
Qu?ng Ninh,C?n Th?,72,108,,,,,,,,,,,,
Qu?ng Tr?,C?n Th?,78,114,,,,,,,,,,,,
S?n La,C?n Th?,78,114,,,,,,,,,,,,
Thái Bình,C?n Th?,72,108,,,,,,,,,,,,
Thái Nguyên,C?n Th?,72,108,,,,,,,,,,,,
Thanh Hóa,C?n Th?,72,108,,,,,,,,,,,,
Th?a Thiên Hu?,C?n Th?,78,114,,,,,,,,,,,,
Tuyên Quang,C?n Th?,72,108,,,,,,,,,,,,
V?nh Phúc,C?n Th?,72,108,,,,,,,,,,,,
Yên Bái,C?n Th?,78,114,,,,,,,,,,,,
Bà R?a - V?ng Tàu,C?n Th?,66,102,,,,,,,,,,,,
B?c Liêu,C?n Th?,66,102,,,,,,,,,,,,
B?n Tre,C?n Th?,66,102,,,,,,,,,,,,
Bình D??ng,C?n Th?,66,102,,,,,,,,,,,,
Bình Ph??c,C?n Th?,78,114,,,,,,,,,,,,
Cà Mau,C?n Th?,66,102,,,,,,,,,,,,
??ng Nai,C?n Th?,66,102,,,,,,,,,,,,
TP. H? Chí Minh,C?n Th?,60,96,,,,,,,,,,,,
Kiên Giang,C?n Th?,66,102,,,,,,,,,,,,
Long An,C?n Th?,66,102,,,,,,,,,,,,
Tây Ninh,C?n Th?,66,102,,,,,,,,,,,,
Ti?n Giang,C?n Th?,66,102,,,,,,,,,,,,
An Giang,Cao B?ng,84,138,,,,,,,,,,,,
Bà R?a - V?ng Tàu,Cao B?ng,84,138,,,,,,,,,,,,
B?c Liêu,Cao B?ng,84,138,,,,,,,,,,,,
B?n Tre,Cao B?ng,84,138,,,,,,,,,,,,
Bình ??nh,Cao B?ng,84,138,,,,,,,,,,,,
Bình D??ng,Cao B?ng,84,138,,,,,,,,,,,,
Bình Ph??c,Cao B?ng,84,138,,,,,,,,,,,,
Bình Thu?n,Cao B?ng,84,138,,,,,,,,,,,,
Cà Mau,Cao B?ng,84,138,,,,,,,,,,,,
C?n Th?,Cao B?ng,84,138,,,,,,,,,,,,
?à N?ng,Cao B?ng,78,132,,,,,,,,,,,,
??k L?k,Cao B?ng,84,138,,,,,,,,,,,,
??k Nông,Cao B?ng,84,138,,,,,,,,,,,,
Cao B?ng,Cao B?ng,24,78,,,,,,,,,,,,
?i?n Biên,Cao B?ng,84,138,,,,,,,,,,,,
??ng Nai,Cao B?ng,84,138,,,,,,,,,,,,
??ng Tháp,Cao B?ng,84,138,,,,,,,,,,,,
Gia Lai,Cao B?ng,84,138,,,,,,,,,,,,
Hà Nam,Cao B?ng,72,126,,,,,,,,,,,,
Hà T?nh,Cao B?ng,84,138,,,,,,,,,,,,
H?i Phòng,Cao B?ng,72,126,,,,,,,,,,,,
H?u Giang,Cao B?ng,84,138,,,,,,,,,,,,
TP. H? Chí Minh,Cao B?ng,78,132,,,,,,,,,,,,
Hòa Bình,Cao B?ng,72,126,,,,,,,,,,,,
H?ng Yên,Cao B?ng,72,126,,,,,,,,,,,,
Khánh Hòa,Cao B?ng,84,138,,,,,,,,,,,,
Kiên Giang,Cao B?ng,84,138,,,,,,,,,,,,
Kon Tum,Cao B?ng,84,138,,,,,,,,,,,,
Lai Châu,Cao B?ng,84,138,,,,,,,,,,,,
Lâm ??ng,Cao B?ng,84,138,,,,,,,,,,,,
Lào Cai,Cao B?ng,84,138,,,,,,,,,,,,
Long An,Cao B?ng,84,138,,,,,,,,,,,,
Nam ??nh,Cao B?ng,72,126,,,,,,,,,,,,
Ngh? An,Cao B?ng,72,126,,,,,,,,,,,,
Ninh Bình,Cao B?ng,72,126,,,,,,,,,,,,
Ninh Thu?n,Cao B?ng,84,138,,,,,,,,,,,,
Phú Th?,Cao B?ng,72,126,,,,,,,,,,,,
Phú Yên,Cao B?ng,84,138,,,,,,,,,,,,
Qu?ng Bình,Cao B?ng,78,132,,,,,,,,,,,,
Qu?ng Nam,Cao B?ng,84,138,,,,,,,,,,,,
Qu?ng Ngãi,Cao B?ng,84,138,,,,,,,,,,,,
Qu?ng Tr?,Cao B?ng,84,138,,,,,,,,,,,,
Sóc Tr?ng,Cao B?ng,84,138,,,,,,,,,,,,
S?n La,Cao B?ng,78,132,,,,,,,,,,,,
Tây Ninh,Cao B?ng,84,138,,,,,,,,,,,,
Thái Bình,Cao B?ng,72,126,,,,,,,,,,,,
Thanh Hóa,Cao B?ng,72,126,,,,,,,,,,,,
Th?a Thiên Hu?,Cao B?ng,84,138,,,,,,,,,,,,
Ti?n Giang,Cao B?ng,84,138,,,,,,,,,,,,
Trà Vinh,Cao B?ng,84,138,,,,,,,,,,,,
V?nh Long,Cao B?ng,84,138,,,,,,,,,,,,
Yên Bái,Cao B?ng,78,132,,,,,,,,,,,,
B?c Giang,Cao B?ng,72,126,,,,,,,,,,,,
B?c K?n,Cao B?ng,78,132,,,,,,,,,,,,
B?c Ninh,Cao B?ng,72,126,,,,,,,,,,,,
Hà Giang,Cao B?ng,84,138,,,,,,,,,,,,
Hà N?i,Cao B?ng,72,126,,,,,,,,,,,,
H?i D??ng,Cao B?ng,72,126,,,,,,,,,,,,
L?ng S?n,Cao B?ng,72,126,,,,,,,,,,,,
Qu?ng Ninh,Cao B?ng,78,132,,,,,,,,,,,,
Thái Nguyên,Cao B?ng,66,120,,,,,,,,,,,,
Tuyên Quang,Cao B?ng,72,126,,,,,,,,,,,,
V?nh Phúc,Cao B?ng,72,126,,,,,,,,,,,,
Qu?ng Nam,?à N?ng,48,102,,,,,,,,,,,,
Th?a Thiên Hu?,?à N?ng,48,102,,,,,,,,,,,,
An Giang,?à N?ng,78,132,,,,,,,,,,,,
Bà R?a - V?ng Tàu,?à N?ng,72,126,,,,,,,,,,,,
B?c Giang,?à N?ng,66,120,,,,,,,,,,,,
B?c K?n,?à N?ng,84,138,,,,,,,,,,,,
B?c Liêu,?à N?ng,78,132,,,,,,,,,,,,
B?c Ninh,?à N?ng,66,120,,,,,,,,,,,,
B?n Tre,?à N?ng,72,126,,,,,,,,,,,,
Bình ??nh,?à N?ng,72,126,,,,,,,,,,,,
Bình D??ng,?à N?ng,72,126,,,,,,,,,,,,
Bình Ph??c,?à N?ng,78,132,,,,,,,,,,,,
Bình Thu?n,?à N?ng,72,126,,,,,,,,,,,,
Cà Mau,?à N?ng,84,138,,,,,,,,,,,,
?à N?ng,?à N?ng,24,72,,,,,,,,,,,,
C?n Th?,?à N?ng,66,120,,,,,,,,,,,,
Cao B?ng,?à N?ng,78,132,,,,,,,,,,,,
??k L?k,?à N?ng,84,138,,,,,,,,,,,,
??k Nông,?à N?ng,78,126,,,,,,,,,,,,
?i?n Biên,?à N?ng,78,132,,,,,,,,,,,,
??ng Nai,?à N?ng,72,126,,,,,,,,,,,,
??ng Tháp,?à N?ng,66,120,,,,,,,,,,,,
Gia Lai,?à N?ng,72,126,,,,,,,,,,,,
Hà N?i,?à N?ng,60,114,,,,,,,,,,,,
Hà Giang,?à N?ng,78,132,,,,,,,,,,,,
Hà Nam,?à N?ng,66,120,,,,,,,,,,,,
Hà T?nh,?à N?ng,78,132,,,,,,,,,,,,
H?i D??ng,?à N?ng,66,120,,,,,,,,,,,,
TP. H? Chí Minh,?à N?ng,60,114,,,,,,,,,,,,
H?i Phòng,?à N?ng,66,120,,,,,,,,,,,,
H?u Giang,?à N?ng,66,120,,,,,,,,,,,,
Hòa Bình,?à N?ng,66,120,,,,,,,,,,,,
H?ng Yên,?à N?ng,66,120,,,,,,,,,,,,
Khánh Hòa,?à N?ng,72,126,,,,,,,,,,,,
Kiên Giang,?à N?ng,78,132,,,,,,,,,,,,
Kon Tum,?à N?ng,84,138,,,,,,,,,,,,
Lai Châu,?à N?ng,78,132,,,,,,,,,,,,
Lâm ??ng,?à N?ng,84,138,,,,,,,,,,,,
L?ng S?n,?à N?ng,66,120,,,,,,,,,,,,
Lào Cai,?à N?ng,78,132,,,,,,,,,,,,
Long An,?à N?ng,72,126,,,,,,,,,,,,
Nam ??nh,?à N?ng,66,120,,,,,,,,,,,,
Ngh? An,?à N?ng,66,120,,,,,,,,,,,,
Ninh Bình,?à N?ng,66,120,,,,,,,,,,,,
Ninh Thu?n,?à N?ng,84,138,,,,,,,,,,,,
Phú Th?,?à N?ng,66,120,,,,,,,,,,,,
Phú Yên,?à N?ng,84,138,,,,,,,,,,,,
Qu?ng Ninh,?à N?ng,66,120,,,,,,,,,,,,
Sóc Tr?ng,?à N?ng,78,132,,,,,,,,,,,,
S?n La,?à N?ng,78,132,,,,,,,,,,,,
Tây Ninh,?à N?ng,72,126,,,,,,,,,,,,
Thái Bình,?à N?ng,66,120,,,,,,,,,,,,
Thái Nguyên,?à N?ng,66,120,,,,,,,,,,,,
Thanh Hóa,?à N?ng,66,120,,,,,,,,,,,,
Ti?n Giang,?à N?ng,72,126,,,,,,,,,,,,
Trà Vinh,?à N?ng,66,120,,,,,,,,,,,,
Tuyên Quang,?à N?ng,66,120,,,,,,,,,,,,
V?nh Long,?à N?ng,66,120,,,,,,,,,,,,
V?nh Phúc,?à N?ng,66,120,,,,,,,,,,,,
Yên Bái,?à N?ng,78,132,,,,,,,,,,,,
Qu?ng Bình,?à N?ng,66,120,,,,,,,,,,,,
Qu?ng Ngãi,?à N?ng,66,120,,,,,,,,,,,,
Qu?ng Tr?,?à N?ng,66,120,,,,,,,,,,,,
An Giang,??k L?k,84,120,,,,,,,,,,,,
Bà R?a - V?ng Tàu,??k L?k,84,120,,,,,,,,,,,,
B?c Giang,??k L?k,84,120,,,,,,,,,,,,
B?c K?n,??k L?k,84,120,,,,,,,,,,,,
B?c Liêu,??k L?k,84,120,,,,,,,,,,,,
B?c Ninh,??k L?k,84,120,,,,,,,,,,,,
B?n Tre,??k L?k,84,120,,,,,,,,,,,,
Bình ??nh,??k L?k,84,120,,,,,,,,,,,,
Bình D??ng,??k L?k,84,120,,,,,,,,,,,,
Bình Thu?n,??k L?k,84,120,,,,,,,,,,,,
Cà Mau,??k L?k,84,120,,,,,,,,,,,,
C?n Th?,??k L?k,84,120,,,,,,,,,,,,
Cao B?ng,??k L?k,84,120,,,,,,,,,,,,
?à N?ng,??k L?k,84,120,,,,,,,,,,,,
?i?n Biên,??k L?k,84,120,,,,,,,,,,,,
??k L?k,??k L?k,24,72,,,,,,,,,,,,
??ng Nai,??k L?k,84,120,,,,,,,,,,,,
??ng Tháp,??k L?k,84,120,,,,,,,,,,,,
Hà Giang,??k L?k,84,120,,,,,,,,,,,,
Hà Nam,??k L?k,84,120,,,,,,,,,,,,
Hà N?i,??k L?k,84,120,,,,,,,,,,,,
Hà T?nh,??k L?k,84,120,,,,,,,,,,,,
H?i D??ng,??k L?k,84,120,,,,,,,,,,,,
H?i Phòng,??k L?k,84,120,,,,,,,,,,,,
H?u Giang,??k L?k,84,120,,,,,,,,,,,,
TP. H? Chí Minh,??k L?k,72,108,,,,,,,,,,,,
Hòa Bình,??k L?k,84,120,,,,,,,,,,,,
H?ng Yên,??k L?k,84,120,,,,,,,,,,,,
Khánh Hòa,??k L?k,72,120,,,,,,,,,,,,
Kiên Giang,??k L?k,84,120,,,,,,,,,,,,
Lai Châu,??k L?k,84,120,,,,,,,,,,,,
L?ng S?n,??k L?k,84,120,,,,,,,,,,,,
Lào Cai,??k L?k,84,120,,,,,,,,,,,,
Long An,??k L?k,84,120,,,,,,,,,,,,
Nam ??nh,??k L?k,78,114,,,,,,,,,,,,
Ngh? An,??k L?k,84,120,,,,,,,,,,,,
Ninh Bình,??k L?k,84,120,,,,,,,,,,,,
Ninh Thu?n,??k L?k,84,120,,,,,,,,,,,,
Phú Th?,??k L?k,84,120,,,,,,,,,,,,
Phú Yên,??k L?k,84,120,,,,,,,,,,,,
Qu?ng Bình,??k L?k,84,120,,,,,,,,,,,,
Qu?ng Nam,??k L?k,84,120,,,,,,,,,,,,
Qu?ng Ngãi,??k L?k,84,120,,,,,,,,,,,,
Qu?ng Ninh,??k L?k,84,120,,,,,,,,,,,,
Qu?ng Tr?,??k L?k,84,120,,,,,,,,,,,,
Sóc Tr?ng,??k L?k,84,120,,,,,,,,,,,,
S?n La,??k L?k,84,120,,,,,,,,,,,,
Tây Ninh,??k L?k,84,120,,,,,,,,,,,,
Thái Bình,??k L?k,84,120,,,,,,,,,,,,
Thái Nguyên,??k L?k,84,120,,,,,,,,,,,,
Thanh Hóa,??k L?k,84,120,,,,,,,,,,,,
Th?a Thiên Hu?,??k L?k,84,120,,,,,,,,,,,,
Ti?n Giang,??k L?k,84,120,,,,,,,,,,,,
Trà Vinh,??k L?k,84,120,,,,,,,,,,,,
Tuyên Quang,??k L?k,84,120,,,,,,,,,,,,
V?nh Long,??k L?k,84,120,,,,,,,,,,,,
V?nh Phúc,??k L?k,84,120,,,,,,,,,,,,
Yên Bái,??k L?k,84,120,,,,,,,,,,,,
Bình Ph??c,??k L?k,84,120,,,,,,,,,,,,
??k Nông,??k L?k,84,120,,,,,,,,,,,,
Gia Lai,??k L?k,84,120,,,,,,,,,,,,
Kon Tum,??k L?k,84,120,,,,,,,,,,,,
Lâm ??ng,??k L?k,84,120,,,,,,,,,,,,
An Giang,??k Nông,72,126,,,,,,,,,,,,
Bà R?a - V?ng Tàu,??k Nông,78,132,,,,,,,,,,,,
B?c Giang,??k Nông,84,138,,,,,,,,,,,,
B?c K?n,??k Nông,84,138,,,,,,,,,,,,
B?c Liêu,??k Nông,84,138,,,,,,,,,,,,
B?c Ninh,??k Nông,84,138,,,,,,,,,,,,
B?n Tre,??k Nông,78,132,,,,,,,,,,,,
Bình ??nh,??k Nông,84,138,,,,,,,,,,,,
Bình Thu?n,??k Nông,78,132,,,,,,,,,,,,
Cà Mau,??k Nông,84,138,,,,,,,,,,,,
C?n Th?,??k Nông,72,126,,,,,,,,,,,,
Cao B?ng,??k Nông,84,138,,,,,,,,,,,,
?à N?ng,??k Nông,78,132,,,,,,,,,,,,
?i?n Biên,??k Nông,84,138,,,,,,,,,,,,
??ng Nai,??k Nông,78,132,,,,,,,,,,,,
??ng Tháp,??k Nông,72,126,,,,,,,,,,,,
??k Nông,??k Nông,24,78,,,,,,,,,,,,
Hà Giang,??k Nông,84,138,,,,,,,,,,,,
Hà Nam,??k Nông,84,138,,,,,,,,,,,,
Hà N?i,??k Nông,84,138,,,,,,,,,,,,
Hà T?nh,??k Nông,84,138,,,,,,,,,,,,
H?i D??ng,??k Nông,84,138,,,,,,,,,,,,
H?i Phòng,??k Nông,84,138,,,,,,,,,,,,
H?u Giang,??k Nông,72,126,,,,,,,,,,,,
Hòa Bình,??k Nông,84,138,,,,,,,,,,,,
H?ng Yên,??k Nông,84,138,,,,,,,,,,,,
Khánh Hòa,??k Nông,84,138,,,,,,,,,,,,
Kiên Giang,??k Nông,78,132,,,,,,,,,,,,
Kon Tum,??k Nông,84,138,,,,,,,,,,,,
Lai Châu,??k Nông,84,138,,,,,,,,,,,,
L?ng S?n,??k Nông,84,138,,,,,,,,,,,,
Lào Cai,??k Nông,84,138,,,,,,,,,,,,
Long An,??k Nông,78,132,,,,,,,,,,,,
Nam ??nh,??k Nông,84,138,,,,,,,,,,,,
Ngh? An,??k Nông,84,138,,,,,,,,,,,,
Ninh Bình,??k Nông,84,138,,,,,,,,,,,,
Ninh Thu?n,??k Nông,84,138,,,,,,,,,,,,
Phú Th?,??k Nông,84,138,,,,,,,,,,,,
Phú Yên,??k Nông,84,138,,,,,,,,,,,,
Qu?ng Bình,??k Nông,84,138,,,,,,,,,,,,
Qu?ng Nam,??k Nông,78,132,,,,,,,,,,,,
Qu?ng Ngãi,??k Nông,78,132,,,,,,,,,,,,
Qu?ng Ninh,??k Nông,84,138,,,,,,,,,,,,
Qu?ng Tr?,??k Nông,78,132,,,,,,,,,,,,
Sóc Tr?ng,??k Nông,84,138,,,,,,,,,,,,
S?n La,??k Nông,84,138,,,,,,,,,,,,
Tây Ninh,??k Nông,78,132,,,,,,,,,,,,
Thái Bình,??k Nông,84,138,,,,,,,,,,,,
Thái Nguyên,??k Nông,84,138,,,,,,,,,,,,
Thanh Hóa,??k Nông,84,138,,,,,,,,,,,,
Th?a Thiên Hu?,??k Nông,78,132,,,,,,,,,,,,
Trà Vinh,??k Nông,78,132,,,,,,,,,,,,
Tuyên Quang,??k Nông,84,138,,,,,,,,,,,,
V?nh Long,??k Nông,72,126,,,,,,,,,,,,
V?nh Phúc,??k Nông,84,138,,,,,,,,,,,,
Yên Bái,??k Nông,84,138,,,,,,,,,,,,
Bình D??ng,??k Nông,78,132,,,,,,,,,,,,
Bình Ph??c,??k Nông,72,126,,,,,,,,,,,,
??k L?k,??k Nông,66,120,,,,,,,,,,,,
Gia Lai,??k Nông,84,138,,,,,,,,,,,,
TP. H? Chí Minh,??k Nông,66,120,,,,,,,,,,,,
Lâm ??ng,??k Nông,78,132,,,,,,,,,,,,
Ti?n Giang,??k Nông,72,126,,,,,,,,,,,,
An Giang,?i?n Biên,84,120,,,,,,,,,,,,
Bà R?a - V?ng Tàu,?i?n Biên,84,120,,,,,,,,,,,,
B?c Giang,?i?n Biên,84,120,,,,,,,,,,,,
B?c K?n,?i?n Biên,84,120,,,,,,,,,,,,
B?c Liêu,?i?n Biên,90,126,,,,,,,,,,,,
B?c Ninh,?i?n Biên,84,120,,,,,,,,,,,,
B?n Tre,?i?n Biên,84,120,,,,,,,,,,,,
Bình ??nh,?i?n Biên,84,120,,,,,,,,,,,,
Bình D??ng,?i?n Biên,84,120,,,,,,,,,,,,
Bình Ph??c,?i?n Biên,84,120,,,,,,,,,,,,
Bình Thu?n,?i?n Biên,84,120,,,,,,,,,,,,
Cà Mau,?i?n Biên,90,126,,,,,,,,,,,,
C?n Th?,?i?n Biên,84,120,,,,,,,,,,,,
Cao B?ng,?i?n Biên,84,120,,,,,,,,,,,,
?à N?ng,?i?n Biên,84,120,,,,,,,,,,,,
??k L?k,?i?n Biên,84,120,,,,,,,,,,,,
??k Nông,?i?n Biên,84,120,,,,,,,,,,,,
?i?n Biên,?i?n Biên,24,72,,,,,,,,,,,,
??ng Nai,?i?n Biên,84,120,,,,,,,,,,,,
??ng Tháp,?i?n Biên,84,120,,,,,,,,,,,,
Gia Lai,?i?n Biên,84,120,,,,,,,,,,,,
Hà Giang,?i?n Biên,84,120,,,,,,,,,,,,
Hà Nam,?i?n Biên,84,120,,,,,,,,,,,,
Hà N?i,?i?n Biên,78,114,,,,,,,,,,,,
Hà T?nh,?i?n Biên,84,120,,,,,,,,,,,,
H?i D??ng,?i?n Biên,84,120,,,,,,,,,,,,
H?i Phòng,?i?n Biên,84,120,,,,,,,,,,,,
H?u Giang,?i?n Biên,84,120,,,,,,,,,,,,
TP. H? Chí Minh,?i?n Biên,84,120,,,,,,,,,,,,
Hòa Bình,?i?n Biên,84,120,,,,,,,,,,,,
H?ng Yên,?i?n Biên,84,120,,,,,,,,,,,,
Khánh Hòa,?i?n Biên,84,120,,,,,,,,,,,,
Kiên Giang,?i?n Biên,84,120,,,,,,,,,,,,
Kon Tum,?i?n Biên,84,120,,,,,,,,,,,,
Lâm ??ng,?i?n Biên,84,120,,,,,,,,,,,,
L?ng S?n,?i?n Biên,84,120,,,,,,,,,,,,
Lào Cai,?i?n Biên,84,120,,,,,,,,,,,,
Long An,?i?n Biên,84,120,,,,,,,,,,,,
Nam ??nh,?i?n Biên,84,120,,,,,,,,,,,,
Ngh? An,?i?n Biên,84,120,,,,,,,,,,,,
Ninh Bình,?i?n Biên,84,120,,,,,,,,,,,,
Ninh Thu?n,?i?n Biên,84,120,,,,,,,,,,,,
Phú Th?,?i?n Biên,84,120,,,,,,,,,,,,
Phú Yên,?i?n Biên,84,120,,,,,,,,,,,,
Qu?ng Bình,?i?n Biên,84,120,,,,,,,,,,,,
Qu?ng Nam,?i?n Biên,84,120,,,,,,,,,,,,
Qu?ng Ngãi,?i?n Biên,84,120,,,,,,,,,,,,
Qu?ng Ninh,?i?n Biên,84,120,,,,,,,,,,,,
Qu?ng Tr?,?i?n Biên,84,120,,,,,,,,,,,,
Sóc Tr?ng,?i?n Biên,90,126,,,,,,,,,,,,
Tây Ninh,?i?n Biên,84,120,,,,,,,,,,,,
Thái Bình,?i?n Biên,84,120,,,,,,,,,,,,
Thái Nguyên,?i?n Biên,84,120,,,,,,,,,,,,
Thanh Hóa,?i?n Biên,84,120,,,,,,,,,,,,
Th?a Thiên Hu?,?i?n Biên,84,120,,,,,,,,,,,,
Ti?n Giang,?i?n Biên,84,120,,,,,,,,,,,,
Trà Vinh,?i?n Biên,84,120,,,,,,,,,,,,
Tuyên Quang,?i?n Biên,84,120,,,,,,,,,,,,
V?nh Long,?i?n Biên,84,120,,,,,,,,,,,,
V?nh Phúc,?i?n Biên,84,120,,,,,,,,,,,,
Yên Bái,?i?n Biên,84,120,,,,,,,,,,,,
Lai Châu,?i?n Biên,84,120,,,,,,,,,,,,
S?n La,?i?n Biên,84,120,,,,,,,,,,,,
Bà R?a - V?ng Tàu,??ng Nai,54,102,,,,,,,,,,,,
Bình D??ng,??ng Nai,54,102,,,,,,,,,,,,
TP. H? Chí Minh,??ng Nai,48,96,,,,,,,,,,,,
Long An,??ng Nai,54,102,,,,,,,,,,,,
B?c Giang,??ng Nai,78,114,,,,,,,,,,,,
B?c K?n,??ng Nai,78,114,,,,,,,,,,,,
B?c Ninh,??ng Nai,78,114,,,,,,,,,,,,
Bình ??nh,??ng Nai,84,120,,,,,,,,,,,,
Cà Mau,??ng Nai,72,108,,,,,,,,,,,,
Cao B?ng,??ng Nai,78,114,,,,,,,,,,,,
?à N?ng,??ng Nai,78,114,,,,,,,,,,,,
??k L?k,??ng Nai,66,102,,,,,,,,,,,,
?i?n Biên,??ng Nai,84,120,,,,,,,,,,,,
Gia Lai,??ng Nai,78,114,,,,,,,,,,,,
Hà Giang,??ng Nai,84,120,,,,,,,,,,,,
Hà Nam,??ng Nai,78,114,,,,,,,,,,,,
Hà N?i,??ng Nai,72,108,,,,,,,,,,,,
Hà T?nh,??ng Nai,84,120,,,,,,,,,,,,
??ng Nai,??ng Nai,24,72,,,,,,,,,,,,
H?i D??ng,??ng Nai,78,114,,,,,,,,,,,,
H?i Phòng,??ng Nai,78,114,,,,,,,,,,,,
Hòa Bình,??ng Nai,78,114,,,,,,,,,,,,
H?ng Yên,??ng Nai,78,114,,,,,,,,,,,,
Khánh Hòa,??ng Nai,72,108,,,,,,,,,,,,
Kon Tum,??ng Nai,84,120,,,,,,,,,,,,
Lai Châu,??ng Nai,84,120,,,,,,,,,,,,
L?ng S?n,??ng Nai,78,114,,,,,,,,,,,,
Lào Cai,??ng Nai,84,120,,,,,,,,,,,,
Nam ??nh,??ng Nai,78,114,,,,,,,,,,,,
Ngh? An,??ng Nai,78,114,,,,,,,,,,,,
Ninh Bình,??ng Nai,78,114,,,,,,,,,,,,
Ninh Thu?n,??ng Nai,84,120,,,,,,,,,,,,
Phú Th?,??ng Nai,78,114,,,,,,,,,,,,
Phú Yên,??ng Nai,78,114,,,,,,,,,,,,
Qu?ng Bình,??ng Nai,84,120,,,,,,,,,,,,
Qu?ng Nam,??ng Nai,78,114,,,,,,,,,,,,
Qu?ng Ngãi,??ng Nai,78,114,,,,,,,,,,,,
Qu?ng Ninh,??ng Nai,78,114,,,,,,,,,,,,
Qu?ng Tr?,??ng Nai,78,114,,,,,,,,,,,,
S?n La,??ng Nai,84,120,,,,,,,,,,,,
Thái Bình,??ng Nai,78,114,,,,,,,,,,,,
Thái Nguyên,??ng Nai,78,114,,,,,,,,,,,,
Thanh Hóa,??ng Nai,78,114,,,,,,,,,,,,
Th?a Thiên Hu?,??ng Nai,78,114,,,,,,,,,,,,
Tuyên Quang,??ng Nai,78,114,,,,,,,,,,,,
V?nh Phúc,??ng Nai,78,114,,,,,,,,,,,,
Yên Bái,??ng Nai,78,114,,,,,,,,,,,,
An Giang,??ng Nai,66,102,,,,,,,,,,,,
B?c Liêu,??ng Nai,72,108,,,,,,,,,,,,
B?n Tre,??ng Nai,66,102,,,,,,,,,,,,
Bình Ph??c,??ng Nai,54,102,,,,,,,,,,,,
Bình Thu?n,??ng Nai,72,108,,,,,,,,,,,,
C?n Th?,??ng Nai,66,102,,,,,,,,,,,,
??k Nông,??ng Nai,66,102,,,,,,,,,,,,
??ng Tháp,??ng Nai,66,102,,,,,,,,,,,,
H?u Giang,??ng Nai,66,102,,,,,,,,,,,,
Kiên Giang,??ng Nai,66,102,,,,,,,,,,,,
Lâm ??ng,??ng Nai,66,102,,,,,,,,,,,,
Sóc Tr?ng,??ng Nai,72,108,,,,,,,,,,,,
Tây Ninh,??ng Nai,66,102,,,,,,,,,,,,
Ti?n Giang,??ng Nai,66,102,,,,,,,,,,,,
Trà Vinh,??ng Nai,66,102,,,,,,,,,,,,
V?nh Long,??ng Nai,66,102,,,,,,,,,,,,
An Giang,??ng Tháp,54,102,,,,,,,,,,,,
C?n Th?,??ng Tháp,54,102,,,,,,,,,,,,
Ti?n Giang,??ng Tháp,54,102,,,,,,,,,,,,
V?nh Long,??ng Tháp,54,102,,,,,,,,,,,,
B?c Giang,??ng Tháp,84,120,,,,,,,,,,,,
B?c K?n,??ng Tháp,84,120,,,,,,,,,,,,
B?c Ninh,??ng Tháp,78,114,,,,,,,,,,,,
Bình ??nh,??ng Tháp,84,120,,,,,,,,,,,,
Bình Thu?n,??ng Tháp,78,114,,,,,,,,,,,,
Cao B?ng,??ng Tháp,84,120,,,,,,,,,,,,
?à N?ng,??ng Tháp,84,120,,,,,,,,,,,,
??k L?k,??ng Tháp,84,120,,,,,,,,,,,,
??k Nông,??ng Tháp,66,102,,,,,,,,,,,,
?i?n Biên,??ng Tháp,84,120,,,,,,,,,,,,
Gia Lai,??ng Tháp,78,114,,,,,,,,,,,,
Hà Giang,??ng Tháp,84,120,,,,,,,,,,,,
Hà Nam,??ng Tháp,78,114,,,,,,,,,,,,
Hà N?i,??ng Tháp,84,120,,,,,,,,,,,,
Hà T?nh,??ng Tháp,84,120,,,,,,,,,,,,
??ng Tháp,??ng Tháp,24,72,,,,,,,,,,,,
H?i D??ng,??ng Tháp,78,114,,,,,,,,,,,,
H?i Phòng,??ng Tháp,78,114,,,,,,,,,,,,
Hòa Bình,??ng Tháp,78,114,,,,,,,,,,,,
H?ng Yên,??ng Tháp,78,114,,,,,,,,,,,,
Khánh Hòa,??ng Tháp,78,114,,,,,,,,,,,,
Kon Tum,??ng Tháp,84,120,,,,,,,,,,,,
Lai Châu,??ng Tháp,84,120,,,,,,,,,,,,
Lâm ??ng,??ng Tháp,78,114,,,,,,,,,,,,
L?ng S?n,??ng Tháp,84,120,,,,,,,,,,,,
Lào Cai,??ng Tháp,84,120,,,,,,,,,,,,
Nam ??nh,??ng Tháp,78,114,,,,,,,,,,,,
Ngh? An,??ng Tháp,78,114,,,,,,,,,,,,
Ninh Bình,??ng Tháp,78,114,,,,,,,,,,,,
Ninh Thu?n,??ng Tháp,84,120,,,,,,,,,,,,
Phú Th?,??ng Tháp,78,114,,,,,,,,,,,,
Phú Yên,??ng Tháp,84,120,,,,,,,,,,,,
Qu?ng Bình,??ng Tháp,84,120,,,,,,,,,,,,
Qu?ng Nam,??ng Tháp,84,120,,,,,,,,,,,,
Qu?ng Ngãi,??ng Tháp,84,120,,,,,,,,,,,,
Qu?ng Ninh,??ng Tháp,78,114,,,,,,,,,,,,
Qu?ng Tr?,??ng Tháp,84,120,,,,,,,,,,,,
S?n La,??ng Tháp,84,120,,,,,,,,,,,,
Thái Bình,??ng Tháp,78,114,,,,,,,,,,,,
Thái Nguyên,??ng Tháp,78,114,,,,,,,,,,,,
Thanh Hóa,??ng Tháp,78,114,,,,,,,,,,,,
Th?a Thiên Hu?,??ng Tháp,84,120,,,,,,,,,,,,
Tuyên Quang,??ng Tháp,78,114,,,,,,,,,,,,
V?nh Phúc,??ng Tháp,78,114,,,,,,,,,,,,
Yên Bái,??ng Tháp,84,120,,,,,,,,,,,,
Bà R?a - V?ng Tàu,??ng Tháp,66,102,,,,,,,,,,,,
B?c Liêu,??ng Tháp,66,102,,,,,,,,,,,,
B?n Tre,??ng Tháp,66,102,,,,,,,,,,,,
Bình D??ng,??ng Tháp,66,102,,,,,,,,,,,,
Bình Ph??c,??ng Tháp,78,114,,,,,,,,,,,,
Cà Mau,??ng Tháp,66,102,,,,,,,,,,,,
??ng Nai,??ng Tháp,66,102,,,,,,,,,,,,
H?u Giang,??ng Tháp,66,102,,,,,,,,,,,,
TP. H? Chí Minh,??ng Tháp,66,102,,,,,,,,,,,,
Kiên Giang,??ng Tháp,66,102,,,,,,,,,,,,
Long An,??ng Tháp,66,102,,,,,,,,,,,,
Sóc Tr?ng,??ng Tháp,66,102,,,,,,,,,,,,
Tây Ninh,??ng Tháp,66,102,,,,,,,,,,,,
Trà Vinh,??ng Tháp,66,102,,,,,,,,,,,,
Kon Tum,Gia Lai,54,102,,,,,,,,,,,,
An Giang,Gia Lai,90,126,,,,,,,,,,,,
Bà R?a - V?ng Tàu,Gia Lai,84,120,,,,,,,,,,,,
B?c Giang,Gia Lai,84,120,,,,,,,,,,,,
B?c K?n,Gia Lai,84,120,,,,,,,,,,,,
B?c Liêu,Gia Lai,90,126,,,,,,,,,,,,
B?c Ninh,Gia Lai,84,120,,,,,,,,,,,,
B?n Tre,Gia Lai,84,120,,,,,,,,,,,,
Bình ??nh,Gia Lai,84,120,,,,,,,,,,,,
Bình D??ng,Gia Lai,84,120,,,,,,,,,,,,
Bình Ph??c,Gia Lai,84,120,,,,,,,,,,,,
Bình Thu?n,Gia Lai,84,120,,,,,,,,,,,,
Cà Mau,Gia Lai,90,126,,,,,,,,,,,,
C?n Th?,Gia Lai,90,126,,,,,,,,,,,,
Cao B?ng,Gia Lai,84,120,,,,,,,,,,,,
?à N?ng,Gia Lai,72,108,,,,,,,,,,,,
?i?n Biên,Gia Lai,84,120,,,,,,,,,,,,
??ng Nai,Gia Lai,84,120,,,,,,,,,,,,
??ng Tháp,Gia Lai,90,126,,,,,,,,,,,,
Hà Giang,Gia Lai,84,120,,,,,,,,,,,,
Gia Lai,Gia Lai,24,72,,,,,,,,,,,,
Hà Nam,Gia Lai,84,120,,,,,,,,,,,,
Hà N?i,Gia Lai,84,120,,,,,,,,,,,,
Hà T?nh,Gia Lai,84,120,,,,,,,,,,,,
H?i D??ng,Gia Lai,84,120,,,,,,,,,,,,
H?i Phòng,Gia Lai,84,120,,,,,,,,,,,,
H?u Giang,Gia Lai,90,126,,,,,,,,,,,,
TP. H? Chí Minh,Gia Lai,84,120,,,,,,,,,,,,
Hòa Bình,Gia Lai,84,120,,,,,,,,,,,,
H?ng Yên,Gia Lai,84,120,,,,,,,,,,,,
Khánh Hòa,Gia Lai,84,120,,,,,,,,,,,,
Kiên Giang,Gia Lai,90,126,,,,,,,,,,,,
Lai Châu,Gia Lai,84,120,,,,,,,,,,,,
Lâm ??ng,Gia Lai,84,120,,,,,,,,,,,,
L?ng S?n,Gia Lai,84,120,,,,,,,,,,,,
Lào Cai,Gia Lai,84,120,,,,,,,,,,,,
Long An,Gia Lai,84,120,,,,,,,,,,,,
Nam ??nh,Gia Lai,84,120,,,,,,,,,,,,
Ngh? An,Gia Lai,84,120,,,,,,,,,,,,
Ninh Bình,Gia Lai,84,120,,,,,,,,,,,,
Ninh Thu?n,Gia Lai,84,120,,,,,,,,,,,,
Phú Th?,Gia Lai,84,120,,,,,,,,,,,,
Phú Yên,Gia Lai,84,120,,,,,,,,,,,,
Qu?ng Bình,Gia Lai,78,114,,,,,,,,,,,,
Qu?ng Nam,Gia Lai,78,114,,,,,,,,,,,,
Qu?ng Ngãi,Gia Lai,78,114,,,,,,,,,,,,
Qu?ng Ninh,Gia Lai,84,120,,,,,,,,,,,,
Qu?ng Tr?,Gia Lai,78,114,,,,,,,,,,,,
Sóc Tr?ng,Gia Lai,90,126,,,,,,,,,,,,
S?n La,Gia Lai,84,120,,,,,,,,,,,,
Tây Ninh,Gia Lai,84,120,,,,,,,,,,,,
Thái Bình,Gia Lai,84,120,,,,,,,,,,,,
Thái Nguyên,Gia Lai,84,120,,,,,,,,,,,,
Thanh Hóa,Gia Lai,84,120,,,,,,,,,,,,
Th?a Thiên Hu?,Gia Lai,78,114,,,,,,,,,,,,
Ti?n Giang,Gia Lai,84,120,,,,,,,,,,,,
Trà Vinh,Gia Lai,90,126,,,,,,,,,,,,
Tuyên Quang,Gia Lai,84,120,,,,,,,,,,,,
V?nh Long,Gia Lai,90,126,,,,,,,,,,,,
V?nh Phúc,Gia Lai,84,120,,,,,,,,,,,,
Yên Bái,Gia Lai,84,120,,,,,,,,,,,,
??k L?k,Gia Lai,84,120,,,,,,,,,,,,
??k Nông,Gia Lai,84,120,,,,,,,,,,,,
An Giang,Hà Giang,84,132,,,,,,,,,,,,
Bà R?a - V?ng Tàu,Hà Giang,84,132,,,,,,,,,,,,
B?c Giang,Hà Giang,72,120,,,,,,,,,,,,
B?c Liêu,Hà Giang,84,132,,,,,,,,,,,,
B?c Ninh,Hà Giang,78,126,,,,,,,,,,,,
B?n Tre,Hà Giang,84,132,,,,,,,,,,,,
Bình ??nh,Hà Giang,84,132,,,,,,,,,,,,
Bình D??ng,Hà Giang,84,132,,,,,,,,,,,,
Bình Ph??c,Hà Giang,84,132,,,,,,,,,,,,
Bình Thu?n,Hà Giang,84,132,,,,,,,,,,,,
Cà Mau,Hà Giang,84,132,,,,,,,,,,,,
C?n Th?,Hà Giang,84,132,,,,,,,,,,,,
?à N?ng,Hà Giang,84,132,,,,,,,,,,,,
??k L?k,Hà Giang,84,132,,,,,,,,,,,,
??k Nông,Hà Giang,84,132,,,,,,,,,,,,
?i?n Biên,Hà Giang,84,132,,,,,,,,,,,,
??ng Nai,Hà Giang,84,132,,,,,,,,,,,,
??ng Tháp,Hà Giang,84,132,,,,,,,,,,,,
Gia Lai,Hà Giang,84,132,,,,,,,,,,,,
Hà Nam,Hà Giang,78,126,,,,,,,,,,,,
Hà N?i,Hà Giang,66,114,,,,,,,,,,,,
Hà Giang,Hà Giang,24,78,,,,,,,,,,,,
Hà T?nh,Hà Giang,84,132,,,,,,,,,,,,
H?i D??ng,Hà Giang,78,126,,,,,,,,,,,,
H?i Phòng,Hà Giang,78,126,,,,,,,,,,,,
H?u Giang,Hà Giang,84,132,,,,,,,,,,,,
TP. H? Chí Minh,Hà Giang,78,126,,,,,,,,,,,,
H?ng Yên,Hà Giang,78,126,,,,,,,,,,,,
Khánh Hòa,Hà Giang,84,132,,,,,,,,,,,,
Kiên Giang,Hà Giang,84,132,,,,,,,,,,,,
Kon Tum,Hà Giang,84,132,,,,,,,,,,,,
Lai Châu,Hà Giang,84,132,,,,,,,,,,,,
Lâm ??ng,Hà Giang,84,132,,,,,,,,,,,,
L?ng S?n,Hà Giang,78,126,,,,,,,,,,,,
Long An,Hà Giang,84,132,,,,,,,,,,,,
Nam ??nh,Hà Giang,78,126,,,,,,,,,,,,
Ngh? An,Hà Giang,78,126,,,,,,,,,,,,
Ninh Bình,Hà Giang,78,126,,,,,,,,,,,,
Ninh Thu?n,Hà Giang,84,132,,,,,,,,,,,,
Phú Yên,Hà Giang,84,132,,,,,,,,,,,,
Qu?ng Bình,Hà Giang,84,132,,,,,,,,,,,,
Qu?ng Nam,Hà Giang,84,132,,,,,,,,,,,,
Qu?ng Ngãi,Hà Giang,84,132,,,,,,,,,,,,
Qu?ng Ninh,Hà Giang,84,132,,,,,,,,,,,,
Qu?ng Tr?,Hà Giang,84,132,,,,,,,,,,,,
Sóc Tr?ng,Hà Giang,84,132,,,,,,,,,,,,
S?n La,Hà Giang,78,126,,,,,,,,,,,,
Tây Ninh,Hà Giang,84,132,,,,,,,,,,,,
Thái Bình,Hà Giang,78,126,,,,,,,,,,,,
Thanh Hóa,Hà Giang,78,126,,,,,,,,,,,,
Th?a Thiên Hu?,Hà Giang,84,132,,,,,,,,,,,,
Ti?n Giang,Hà Giang,84,132,,,,,,,,,,,,
Trà Vinh,Hà Giang,84,132,,,,,,,,,,,,
V?nh Long,Hà Giang,84,132,,,,,,,,,,,,
B?c K?n,Hà Giang,78,126,,,,,,,,,,,,
Cao B?ng,Hà Giang,84,132,,,,,,,,,,,,
Hòa Bình,Hà Giang,78,126,,,,,,,,,,,,
Lào Cai,Hà Giang,84,132,,,,,,,,,,,,
Phú Th?,Hà Giang,84,132,,,,,,,,,,,,
Thái Nguyên,Hà Giang,78,126,,,,,,,,,,,,
Tuyên Quang,Hà Giang,84,132,,,,,,,,,,,,
V?nh Phúc,Hà Giang,84,132,,,,,,,,,,,,
Yên Bái,Hà Giang,84,132,,,,,,,,,,,,
B?c Ninh,Hà Nam,54,108,,,,,,,,,,,,
Hà N?i,Hà Nam,54,108,,,,,,,,,,,,
H?i D??ng,Hà Nam,54,108,,,,,,,,,,,,
H?ng Yên,Hà Nam,54,108,,,,,,,,,,,,
Nam ??nh,Hà Nam,54,108,,,,,,,,,,,,
Ninh Bình,Hà Nam,54,108,,,,,,,,,,,,
Thái Bình,Hà Nam,54,108,,,,,,,,,,,,
An Giang,Hà Nam,84,138,,,,,,,,,,,,
Bà R?a - V?ng Tàu,Hà Nam,84,138,,,,,,,,,,,,
B?c Liêu,Hà Nam,90,144,,,,,,,,,,,,
B?n Tre,Hà Nam,84,138,,,,,,,,,,,,
Bình ??nh,Hà Nam,84,138,,,,,,,,,,,,
Bình D??ng,Hà Nam,84,138,,,,,,,,,,,,
Bình Ph??c,Hà Nam,84,138,,,,,,,,,,,,
Bình Thu?n,Hà Nam,84,138,,,,,,,,,,,,
Cà Mau,Hà Nam,90,144,,,,,,,,,,,,
C?n Th?,Hà Nam,84,138,,,,,,,,,,,,
Cao B?ng,Hà Nam,60,114,,,,,,,,,,,,
?à N?ng,Hà Nam,72,126,,,,,,,,,,,,
??k L?k,Hà Nam,84,138,,,,,,,,,,,,
??k Nông,Hà Nam,84,138,,,,,,,,,,,,
?i?n Biên,Hà Nam,78,132,,,,,,,,,,,,
Hà Nam,Hà Nam,24,78,,,,,,,,,,,,
??ng Nai,Hà Nam,84,138,,,,,,,,,,,,
??ng Tháp,Hà Nam,84,138,,,,,,,,,,,,
Gia Lai,Hà Nam,84,138,,,,,,,,,,,,
Hà Giang,Hà Nam,84,138,,,,,,,,,,,,
H?u Giang,Hà Nam,84,138,,,,,,,,,,,,
TP. H? Chí Minh,Hà Nam,72,126,,,,,,,,,,,,
Khánh Hòa,Hà Nam,84,138,,,,,,,,,,,,
Kiên Giang,Hà Nam,84,138,,,,,,,,,,,,
Kon Tum,Hà Nam,84,138,,,,,,,,,,,,
Lai Châu,Hà Nam,84,138,,,,,,,,,,,,
Lâm ??ng,Hà Nam,84,138,,,,,,,,,,,,
Lào Cai,Hà Nam,78,132,,,,,,,,,,,,
Long An,Hà Nam,84,138,,,,,,,,,,,,
Ninh Thu?n,Hà Nam,84,138,,,,,,,,,,,,
Phú Yên,Hà Nam,84,138,,,,,,,,,,,,
Qu?ng Bình,Hà Nam,78,132,,,,,,,,,,,,
Qu?ng Nam,Hà Nam,78,132,,,,,,,,,,,,
Qu?ng Ngãi,Hà Nam,78,132,,,,,,,,,,,,
Qu?ng Tr?,Hà Nam,78,132,,,,,,,,,,,,
Sóc Tr?ng,Hà Nam,90,144,,,,,,,,,,,,
S?n La,Hà Nam,78,132,,,,,,,,,,,,
Tây Ninh,Hà Nam,84,138,,,,,,,,,,,,
Th?a Thiên Hu?,Hà Nam,78,132,,,,,,,,,,,,
Ti?n Giang,Hà Nam,84,138,,,,,,,,,,,,
Trà Vinh,Hà Nam,84,138,,,,,,,,,,,,
V?nh Long,Hà Nam,84,138,,,,,,,,,,,,
B?c Giang,Hà Nam,66,120,,,,,,,,,,,,
B?c K?n,Hà Nam,66,120,,,,,,,,,,,,
Hà T?nh,Hà Nam,78,132,,,,,,,,,,,,
H?i Phòng,Hà Nam,66,120,,,,,,,,,,,,
Hòa Bình,Hà Nam,66,120,,,,,,,,,,,,
L?ng S?n,Hà Nam,66,120,,,,,,,,,,,,
Ngh? An,Hà Nam,66,120,,,,,,,,,,,,
Phú Th?,Hà Nam,66,120,,,,,,,,,,,,
Qu?ng Ninh,Hà Nam,72,126,,,,,,,,,,,,
Thái Nguyên,Hà Nam,66,120,,,,,,,,,,,,
Thanh Hóa,Hà Nam,54,108,,,,,,,,,,,,
Tuyên Quang,Hà Nam,66,120,,,,,,,,,,,,
V?nh Phúc,Hà Nam,66,120,,,,,,,,,,,,
Yên Bái,Hà Nam,78,132,,,,,,,,,,,,
B?c Giang,Hà N?i,48,84,,,,,,,,,,,,
B?c Ninh,Hà N?i,48,84,,,,,,,,,,,,
Hà Nam,Hà N?i,48,84,,,,,,,,,,,,
H?i D??ng,Hà N?i,48,84,,,,,,,,,,,,
H?i Phòng,Hà N?i,48,84,,,,,,,,,,,,
Hòa Bình,Hà N?i,48,84,,,,,,,,,,,,
H?ng Yên,Hà N?i,48,84,,,,,,,,,,,,
Nam ??nh,Hà N?i,48,84,,,,,,,,,,,,
Ninh Bình,Hà N?i,48,84,,,,,,,,,,,,
Phú Th?,Hà N?i,48,84,,,,,,,,,,,,
Thái Nguyên,Hà N?i,48,84,,,,,,,,,,,,
V?nh Phúc,Hà N?i,54,90,,,,,,,,,,,,
An Giang,Hà N?i,78,102,,,,,,,,,,,,
Bà R?a - V?ng Tàu,Hà N?i,72,96,,,,,,,,,,,,
?à N?ng,Hà N?i,60,84,,,,,,,,,,,,
B?c Liêu,Hà N?i,78,102,,,,,,,,,,,,
B?n Tre,Hà N?i,72,96,,,,,,,,,,,,
Bình ??nh,Hà N?i,78,102,,,,,,,,,,,,
Bình D??ng,Hà N?i,72,96,,,,,,,,,,,,
Bình Ph??c,Hà N?i,84,108,,,,,,,,,,,,
Bình Thu?n,Hà N?i,78,102,,,,,,,,,,,,
Cà Mau,Hà N?i,78,102,,,,,,,,,,,,
C?n Th?,Hà N?i,72,96,,,,,,,,,,,,
Hà N?i,Hà N?i,24,72,,,,,,,,,,,,
??k L?k,Hà N?i,84,108,,,,,,,,,,,,
??k Nông,Hà N?i,84,108,,,,,,,,,,,,
?i?n Biên,Hà N?i,66,90,,,,,,,,,,,,
??ng Nai,Hà N?i,72,96,,,,,,,,,,,,
TP. H? Chí Minh,Hà N?i,72,96,,,,,,,,,,,,
??ng Tháp,Hà N?i,72,96,,,,,,,,,,,,
Gia Lai,Hà N?i,72,96,,,,,,,,,,,,
Hà Giang,Hà N?i,66,90,,,,,,,,,,,,
Hà T?nh,Hà N?i,66,90,,,,,,,,,,,,
H?u Giang,Hà N?i,78,102,,,,,,,,,,,,
Khánh Hòa,Hà N?i,72,96,,,,,,,,,,,,
Kiên Giang,Hà N?i,78,102,,,,,,,,,,,,
Kon Tum,Hà N?i,78,102,,,,,,,,,,,,
Lai Châu,Hà N?i,72,96,,,,,,,,,,,,
Lâm ??ng,Hà N?i,84,108,,,,,,,,,,,,
Long An,Hà N?i,72,96,,,,,,,,,,,,
Ngh? An,Hà N?i,66,90,,,,,,,,,,,,
Ninh Thu?n,Hà N?i,84,108,,,,,,,,,,,,
Phú Yên,Hà N?i,72,96,,,,,,,,,,,,
Qu?ng Bình,Hà N?i,78,102,,,,,,,,,,,,
Qu?ng Nam,Hà N?i,72,96,,,,,,,,,,,,
Qu?ng Ngãi,Hà N?i,72,96,,,,,,,,,,,,
Qu?ng Tr?,Hà N?i,72,96,,,,,,,,,,,,
Sóc Tr?ng,Hà N?i,78,102,,,,,,,,,,,,
S?n La,Hà N?i,72,96,,,,,,,,,,,,
Tây Ninh,Hà N?i,72,96,,,,,,,,,,,,
Th?a Thiên Hu?,Hà N?i,72,96,,,,,,,,,,,,
Ti?n Giang,Hà N?i,72,96,,,,,,,,,,,,
Trà Vinh,Hà N?i,72,96,,,,,,,,,,,,
V?nh Long,Hà N?i,72,96,,,,,,,,,,,,
B?c K?n,Hà N?i,66,90,,,,,,,,,,,,
Cao B?ng,Hà N?i,66,90,,,,,,,,,,,,
L?ng S?n,Hà N?i,60,84,,,,,,,,,,,,
Lào Cai,Hà N?i,66,90,,,,,,,,,,,,
Qu?ng Ninh,Hà N?i,72,96,,,,,,,,,,,,
Thái Bình,Hà N?i,60,84,,,,,,,,,,,,
Thanh Hóa,Hà N?i,66,90,,,,,,,,,,,,
Tuyên Quang,Hà N?i,60,84,,,,,,,,,,,,
Yên Bái,Hà N?i,66,90,,,,,,,,,,,,
Ngh? An,Hà T?nh,54,108,,,,,,,,,,,,
An Giang,Hà T?nh,90,138,,,,,,,,,,,,
Bà R?a - V?ng Tàu,Hà T?nh,84,132,,,,,,,,,,,,
B?c Giang,Hà T?nh,84,132,,,,,,,,,,,,
B?c K?n,Hà T?nh,84,132,,,,,,,,,,,,
B?c Liêu,Hà T?nh,90,138,,,,,,,,,,,,
B?c Ninh,Hà T?nh,84,132,,,,,,,,,,,,
B?n Tre,Hà T?nh,84,132,,,,,,,,,,,,
Bình ??nh,Hà T?nh,84,132,,,,,,,,,,,,
Bình D??ng,Hà T?nh,84,132,,,,,,,,,,,,
Bình Ph??c,Hà T?nh,84,132,,,,,,,,,,,,
Bình Thu?n,Hà T?nh,84,132,,,,,,,,,,,,
Cà Mau,Hà T?nh,90,138,,,,,,,,,,,,
C?n Th?,Hà T?nh,90,138,,,,,,,,,,,,
Cao B?ng,Hà T?nh,84,132,,,,,,,,,,,,
?à N?ng,Hà T?nh,84,132,,,,,,,,,,,,
??k L?k,Hà T?nh,84,132,,,,,,,,,,,,
??k Nông,Hà T?nh,84,132,,,,,,,,,,,,
?i?n Biên,Hà T?nh,84,132,,,,,,,,,,,,
??ng Nai,Hà T?nh,84,132,,,,,,,,,,,,
??ng Tháp,Hà T?nh,90,138,,,,,,,,,,,,
Gia Lai,Hà T?nh,84,132,,,,,,,,,,,,
Hà Giang,Hà T?nh,84,132,,,,,,,,,,,,
Hà N?i,Hà T?nh,72,120,,,,,,,,,,,,
Hà T?nh,Hà T?nh,24,78,,,,,,,,,,,,
H?i D??ng,Hà T?nh,84,132,,,,,,,,,,,,
H?i Phòng,Hà T?nh,84,132,,,,,,,,,,,,
H?u Giang,Hà T?nh,90,138,,,,,,,,,,,,
TP. H? Chí Minh,Hà T?nh,84,132,,,,,,,,,,,,
Hòa Bình,Hà T?nh,84,132,,,,,,,,,,,,
H?ng Yên,Hà T?nh,84,132,,,,,,,,,,,,
Khánh Hòa,Hà T?nh,84,132,,,,,,,,,,,,
Kiên Giang,Hà T?nh,90,138,,,,,,,,,,,,
Kon Tum,Hà T?nh,84,132,,,,,,,,,,,,
Lai Châu,Hà T?nh,84,132,,,,,,,,,,,,
Lâm ??ng,Hà T?nh,84,132,,,,,,,,,,,,
L?ng S?n,Hà T?nh,84,132,,,,,,,,,,,,
Lào Cai,Hà T?nh,84,132,,,,,,,,,,,,
Long An,Hà T?nh,84,132,,,,,,,,,,,,
Nam ??nh,Hà T?nh,84,132,,,,,,,,,,,,
Ninh Thu?n,Hà T?nh,84,132,,,,,,,,,,,,
Phú Th?,Hà T?nh,84,132,,,,,,,,,,,,
Phú Yên,Hà T?nh,84,132,,,,,,,,,,,,
Qu?ng Nam,Hà T?nh,84,132,,,,,,,,,,,,
Qu?ng Ngãi,Hà T?nh,84,132,,,,,,,,,,,,
Qu?ng Ninh,Hà T?nh,84,132,,,,,,,,,,,,
Sóc Tr?ng,Hà T?nh,90,138,,,,,,,,,,,,
S?n La,Hà T?nh,84,132,,,,,,,,,,,,
Tây Ninh,Hà T?nh,84,132,,,,,,,,,,,,
Thái Bình,Hà T?nh,84,132,,,,,,,,,,,,
Thái Nguyên,Hà T?nh,84,132,,,,,,,,,,,,
Th?a Thiên Hu?,Hà T?nh,84,132,,,,,,,,,,,,
Ti?n Giang,Hà T?nh,84,132,,,,,,,,,,,,
Trà Vinh,Hà T?nh,90,138,,,,,,,,,,,,
Tuyên Quang,Hà T?nh,84,132,,,,,,,,,,,,
V?nh Long,Hà T?nh,90,138,,,,,,,,,,,,
V?nh Phúc,Hà T?nh,84,132,,,,,,,,,,,,
Yên Bái,Hà T?nh,84,132,,,,,,,,,,,,
Hà Nam,Hà T?nh,84,132,,,,,,,,,,,,
Ninh Bình,Hà T?nh,66,114,,,,,,,,,,,,
Qu?ng Bình,Hà T?nh,84,132,,,,,,,,,,,,
Qu?ng Tr?,Hà T?nh,84,132,,,,,,,,,,,,
Thanh Hóa,Hà T?nh,78,126,,,,,,,,,,,,
B?c Giang,H?i D??ng,54,90,,,,,,,,,,,,
B?c Ninh,H?i D??ng,54,90,,,,,,,,,,,,
Hà Nam,H?i D??ng,54,90,,,,,,,,,,,,
Hà N?i,H?i D??ng,48,84,,,,,,,,,,,,
H?i Phòng,H?i D??ng,48,84,,,,,,,,,,,,
H?ng Yên,H?i D??ng,48,84,,,,,,,,,,,,
Nam ??nh,H?i D??ng,54,90,,,,,,,,,,,,
Qu?ng Ninh,H?i D??ng,60,96,,,,,,,,,,,,
Thái Bình,H?i D??ng,54,90,,,,,,,,,,,,
An Giang,H?i D??ng,84,108,,,,,,,,,,,,
Bà R?a - V?ng Tàu,H?i D??ng,84,108,,,,,,,,,,,,
B?c Liêu,H?i D??ng,84,108,,,,,,,,,,,,
B?n Tre,H?i D??ng,84,108,,,,,,,,,,,,
Bình ??nh,H?i D??ng,84,108,,,,,,,,,,,,
Bình D??ng,H?i D??ng,84,108,,,,,,,,,,,,
Bình Ph??c,H?i D??ng,84,108,,,,,,,,,,,,
Bình Thu?n,H?i D??ng,84,108,,,,,,,,,,,,
Cà Mau,H?i D??ng,84,108,,,,,,,,,,,,
C?n Th?,H?i D??ng,84,108,,,,,,,,,,,,
?à N?ng,H?i D??ng,72,96,,,,,,,,,,,,
??k L?k,H?i D??ng,84,108,,,,,,,,,,,,
??k Nông,H?i D??ng,84,108,,,,,,,,,,,,
?i?n Biên,H?i D??ng,78,102,,,,,,,,,,,,
??ng Nai,H?i D??ng,84,108,,,,,,,,,,,,
??ng Tháp,H?i D??ng,84,108,,,,,,,,,,,,
H?i D??ng,H?i D??ng,24,72,,,,,,,,,,,,
Gia Lai,H?i D??ng,84,108,,,,,,,,,,,,
Hà Giang,H?i D??ng,72,96,,,,,,,,,,,,
H?u Giang,H?i D??ng,84,108,,,,,,,,,,,,
TP. H? Chí Minh,H?i D??ng,66,90,,,,,,,,,,,,
Khánh Hòa,H?i D??ng,84,108,,,,,,,,,,,,
Kiên Giang,H?i D??ng,84,108,,,,,,,,,,,,
Kon Tum,H?i D??ng,84,108,,,,,,,,,,,,
Lai Châu,H?i D??ng,78,102,,,,,,,,,,,,
Lâm ??ng,H?i D??ng,84,108,,,,,,,,,,,,
Lào Cai,H?i D??ng,78,102,,,,,,,,,,,,
Long An,H?i D??ng,84,108,,,,,,,,,,,,
Ngh? An,H?i D??ng,66,90,,,,,,,,,,,,
Ninh Thu?n,H?i D??ng,84,108,,,,,,,,,,,,
Phú Yên,H?i D??ng,84,108,,,,,,,,,,,,
Qu?ng Bình,H?i D??ng,78,102,,,,,,,,,,,,
Qu?ng Nam,H?i D??ng,78,102,,,,,,,,,,,,
Qu?ng Ngãi,H?i D??ng,78,102,,,,,,,,,,,,
Qu?ng Tr?,H?i D??ng,78,102,,,,,,,,,,,,
Sóc Tr?ng,H?i D??ng,84,108,,,,,,,,,,,,
S?n La,H?i D??ng,78,102,,,,,,,,,,,,
Tây Ninh,H?i D??ng,84,108,,,,,,,,,,,,
Th?a Thiên Hu?,H?i D??ng,78,102,,,,,,,,,,,,
Ti?n Giang,H?i D??ng,84,108,,,,,,,,,,,,
Trà Vinh,H?i D??ng,84,108,,,,,,,,,,,,
V?nh Long,H?i D??ng,84,108,,,,,,,,,,,,
B?c K?n,H?i D??ng,66,90,,,,,,,,,,,,
Cao B?ng,H?i D??ng,60,84,,,,,,,,,,,,
Hà T?nh,H?i D??ng,78,102,,,,,,,,,,,,
Hòa Bình,H?i D??ng,66,90,,,,,,,,,,,,
L?ng S?n,H?i D??ng,66,90,,,,,,,,,,,,
Ninh Bình,H?i D??ng,66,90,,,,,,,,,,,,
Phú Th?,H?i D??ng,66,90,,,,,,,,,,,,
Thái Nguyên,H?i D??ng,66,90,,,,,,,,,,,,
Thanh Hóa,H?i D??ng,66,90,,,,,,,,,,,,
Tuyên Quang,H?i D??ng,66,90,,,,,,,,,,,,
V?nh Phúc,H?i D??ng,66,90,,,,,,,,,,,,
Yên Bái,H?i D??ng,66,90,,,,,,,,,,,,
Hà N?i,H?i Phòng,48,96,,,,,,,,,,,,
H?i D??ng,H?i Phòng,48,96,,,,,,,,,,,,
H?ng Yên,H?i Phòng,48,96,,,,,,,,,,,,
Nam ??nh,H?i Phòng,54,102,,,,,,,,,,,,
Qu?ng Ninh,H?i Phòng,60,108,,,,,,,,,,,,
Thái Bình,H?i Phòng,54,102,,,,,,,,,,,,
An Giang,H?i Phòng,84,120,,,,,,,,,,,,
Bà R?a - V?ng Tàu,H?i Phòng,84,120,,,,,,,,,,,,
B?c Liêu,H?i Phòng,84,120,,,,,,,,,,,,
B?n Tre,H?i Phòng,84,120,,,,,,,,,,,,
Bình ??nh,H?i Phòng,84,120,,,,,,,,,,,,
Bình D??ng,H?i Phòng,84,120,,,,,,,,,,,,
Bình Ph??c,H?i Phòng,84,120,,,,,,,,,,,,
Bình Thu?n,H?i Phòng,84,120,,,,,,,,,,,,
Cà Mau,H?i Phòng,84,120,,,,,,,,,,,,
C?n Th?,H?i Phòng,84,120,,,,,,,,,,,,
Cao B?ng,H?i Phòng,60,96,,,,,,,,,,,,
?à N?ng,H?i Phòng,72,108,,,,,,,,,,,,
??k L?k,H?i Phòng,84,120,,,,,,,,,,,,
??k Nông,H?i Phòng,84,120,,,,,,,,,,,,
?i?n Biên,H?i Phòng,78,114,,,,,,,,,,,,
??ng Nai,H?i Phòng,84,120,,,,,,,,,,,,
??ng Tháp,H?i Phòng,84,120,,,,,,,,,,,,
Gia Lai,H?i Phòng,84,120,,,,,,,,,,,,
Hà Giang,H?i Phòng,72,108,,,,,,,,,,,,
H?u Giang,H?i Phòng,84,120,,,,,,,,,,,,
H?i Phòng,H?i Phòng,24,72,,,,,,,,,,,,
TP. H? Chí Minh,H?i Phòng,66,102,,,,,,,,,,,,
Khánh Hòa,H?i Phòng,84,120,,,,,,,,,,,,
Kiên Giang,H?i Phòng,84,120,,,,,,,,,,,,
Kon Tum,H?i Phòng,84,120,,,,,,,,,,,,
Lai Châu,H?i Phòng,78,114,,,,,,,,,,,,
Lâm ??ng,H?i Phòng,84,120,,,,,,,,,,,,
Lào Cai,H?i Phòng,78,114,,,,,,,,,,,,
Long An,H?i Phòng,84,120,,,,,,,,,,,,
Ngh? An,H?i Phòng,66,102,,,,,,,,,,,,
Ninh Thu?n,H?i Phòng,84,120,,,,,,,,,,,,
Phú Yên,H?i Phòng,84,120,,,,,,,,,,,,
Qu?ng Bình,H?i Phòng,78,114,,,,,,,,,,,,
Qu?ng Nam,H?i Phòng,78,114,,,,,,,,,,,,
Qu?ng Ngãi,H?i Phòng,78,114,,,,,,,,,,,,
Qu?ng Tr?,H?i Phòng,78,114,,,,,,,,,,,,
Sóc Tr?ng,H?i Phòng,84,120,,,,,,,,,,,,
S?n La,H?i Phòng,78,114,,,,,,,,,,,,
Tây Ninh,H?i Phòng,84,120,,,,,,,,,,,,
Th?a Thiên Hu?,H?i Phòng,78,114,,,,,,,,,,,,
Ti?n Giang,H?i Phòng,84,120,,,,,,,,,,,,
Trà Vinh,H?i Phòng,84,120,,,,,,,,,,,,
V?nh Long,H?i Phòng,84,120,,,,,,,,,,,,
B?c Giang,H?i Phòng,66,102,,,,,,,,,,,,
B?c K?n,H?i Phòng,66,102,,,,,,,,,,,,
B?c Ninh,H?i Phòng,66,102,,,,,,,,,,,,
Hà Nam,H?i Phòng,66,102,,,,,,,,,,,,
Hà T?nh,H?i Phòng,78,114,,,,,,,,,,,,
Hòa Bình,H?i Phòng,66,102,,,,,,,,,,,,
L?ng S?n,H?i Phòng,66,102,,,,,,,,,,,,
Ninh Bình,H?i Phòng,66,102,,,,,,,,,,,,
Phú Th?,H?i Phòng,66,102,,,,,,,,,,,,
Thái Nguyên,H?i Phòng,66,102,,,,,,,,,,,,
Thanh Hóa,H?i Phòng,66,102,,,,,,,,,,,,
Tuyên Quang,H?i Phòng,66,102,,,,,,,,,,,,
V?nh Phúc,H?i Phòng,66,102,,,,,,,,,,,,
Yên Bái,H?i Phòng,66,102,,,,,,,,,,,,
An Giang,H?u Giang,54,102,,,,,,,,,,,,
B?c Liêu,H?u Giang,54,102,,,,,,,,,,,,
C?n Th?,H?u Giang,54,102,,,,,,,,,,,,
Kiên Giang,H?u Giang,54,102,,,,,,,,,,,,
Sóc Tr?ng,H?u Giang,54,102,,,,,,,,,,,,
V?nh Long,H?u Giang,54,102,,,,,,,,,,,,
B?c Giang,H?u Giang,84,120,,,,,,,,,,,,
B?c K?n,H?u Giang,84,120,,,,,,,,,,,,
B?c Ninh,H?u Giang,78,114,,,,,,,,,,,,
Bình ??nh,H?u Giang,84,120,,,,,,,,,,,,
Bình Ph??c,H?u Giang,78,114,,,,,,,,,,,,
Bình Thu?n,H?u Giang,84,120,,,,,,,,,,,,
Cao B?ng,H?u Giang,84,120,,,,,,,,,,,,
?à N?ng,H?u Giang,84,120,,,,,,,,,,,,
??k L?k,H?u Giang,84,120,,,,,,,,,,,,
??k Nông,H?u Giang,66,102,,,,,,,,,,,,
?i?n Biên,H?u Giang,84,120,,,,,,,,,,,,
Gia Lai,H?u Giang,78,114,,,,,,,,,,,,
Hà Giang,H?u Giang,84,120,,,,,,,,,,,,
Hà Nam,H?u Giang,78,114,,,,,,,,,,,,
Hà N?i,H?u Giang,84,120,,,,,,,,,,,,
Hà T?nh,H?u Giang,84,120,,,,,,,,,,,,
H?i D??ng,H?u Giang,78,114,,,,,,,,,,,,
H?i Phòng,H?u Giang,78,114,,,,,,,,,,,,
Hòa Bình,H?u Giang,78,114,,,,,,,,,,,,
H?ng Yên,H?u Giang,78,114,,,,,,,,,,,,
Khánh Hòa,H?u Giang,78,114,,,,,,,,,,,,
H?u Giang,H?u Giang,24,72,,,,,,,,,,,,
Kon Tum,H?u Giang,84,120,,,,,,,,,,,,
Lai Châu,H?u Giang,84,120,,,,,,,,,,,,
Lâm ??ng,H?u Giang,78,114,,,,,,,,,,,,
L?ng S?n,H?u Giang,84,120,,,,,,,,,,,,
Lào Cai,H?u Giang,84,120,,,,,,,,,,,,
Nam ??nh,H?u Giang,78,114,,,,,,,,,,,,
Ngh? An,H?u Giang,78,114,,,,,,,,,,,,
Ninh Bình,H?u Giang,78,114,,,,,,,,,,,,
Ninh Thu?n,H?u Giang,84,120,,,,,,,,,,,,
Phú Th?,H?u Giang,78,114,,,,,,,,,,,,
Phú Yên,H?u Giang,84,120,,,,,,,,,,,,
Qu?ng Bình,H?u Giang,84,120,,,,,,,,,,,,
Qu?ng Nam,H?u Giang,84,120,,,,,,,,,,,,
Qu?ng Ngãi,H?u Giang,84,120,,,,,,,,,,,,
Qu?ng Ninh,H?u Giang,78,114,,,,,,,,,,,,
Qu?ng Tr?,H?u Giang,84,120,,,,,,,,,,,,
S?n La,H?u Giang,84,120,,,,,,,,,,,,
Thái Bình,H?u Giang,78,114,,,,,,,,,,,,
Thái Nguyên,H?u Giang,78,114,,,,,,,,,,,,
Thanh Hóa,H?u Giang,78,114,,,,,,,,,,,,
Th?a Thiên Hu?,H?u Giang,84,120,,,,,,,,,,,,
Tuyên Quang,H?u Giang,78,114,,,,,,,,,,,,
V?nh Phúc,H?u Giang,78,114,,,,,,,,,,,,
Yên Bái,H?u Giang,84,120,,,,,,,,,,,,
Bà R?a - V?ng Tàu,H?u Giang,66,102,,,,,,,,,,,,
B?n Tre,H?u Giang,66,102,,,,,,,,,,,,
Bình D??ng,H?u Giang,66,102,,,,,,,,,,,,
Cà Mau,H?u Giang,66,102,,,,,,,,,,,,
??ng Nai,H?u Giang,66,102,,,,,,,,,,,,
??ng Tháp,H?u Giang,66,102,,,,,,,,,,,,
TP. H? Chí Minh,H?u Giang,66,102,,,,,,,,,,,,
Long An,H?u Giang,66,102,,,,,,,,,,,,
Tây Ninh,H?u Giang,66,102,,,,,,,,,,,,
Ti?n Giang,H?u Giang,66,102,,,,,,,,,,,,
Trà Vinh,H?u Giang,66,102,,,,,,,,,,,,
Hà N?i,Hòa Bình,54,102,,,,,,,,,,,,
Phú Th?,Hòa Bình,54,102,,,,,,,,,,,,
V?nh Phúc,Hòa Bình,54,102,,,,,,,,,,,,
An Giang,Hòa Bình,84,120,,,,,,,,,,,,
Bà R?a - V?ng Tàu,Hòa Bình,84,120,,,,,,,,,,,,
B?c Liêu,Hòa Bình,90,126,,,,,,,,,,,,
B?n Tre,Hòa Bình,84,120,,,,,,,,,,,,
Bình ??nh,Hòa Bình,84,120,,,,,,,,,,,,
Bình D??ng,Hòa Bình,84,120,,,,,,,,,,,,
Bình Ph??c,Hòa Bình,84,120,,,,,,,,,,,,
Bình Thu?n,Hòa Bình,84,120,,,,,,,,,,,,
Cà Mau,Hòa Bình,90,126,,,,,,,,,,,,
C?n Th?,Hòa Bình,84,120,,,,,,,,,,,,
Cao B?ng,Hòa Bình,66,102,,,,,,,,,,,,
?à N?ng,TP. H? Chí Minh,60,84,,,,,,,,,,,,
?à N?ng,Hòa Bình,72,108,,,,,,,,,,,,
??k L?k,Hòa Bình,84,120,,,,,,,,,,,,
??k Nông,Hòa Bình,84,120,,,,,,,,,,,,
?i?n Biên,Hòa Bình,78,114,,,,,,,,,,,,
??ng Nai,Hòa Bình,84,120,,,,,,,,,,,,
??ng Tháp,Hòa Bình,84,120,,,,,,,,,,,,
Gia Lai,Hòa Bình,84,120,,,,,,,,,,,,
Hà T?nh,Hòa Bình,78,114,,,,,,,,,,,,
Hà N?i,TP. H? Chí Minh,72,96,,,,,,,,,,,,
H?u Giang,Hòa Bình,84,120,,,,,,,,,,,,
TP. H? Chí Minh,Hòa Bình,72,108,,,,,,,,,,,,
Khánh Hòa,Hòa Bình,84,120,,,,,,,,,,,,
Kiên Giang,Hòa Bình,84,120,,,,,,,,,,,,
TP. H? Chí Minh,TP. H? Chí Minh,24,72,,,,,,,,,,,,
Kon Tum,Hòa Bình,84,120,,,,,,,,,,,,
Lai Châu,Hòa Bình,84,120,,,,,,,,,,,,
Lâm ??ng,Hòa Bình,84,120,,,,,,,,,,,,
Long An,Hòa Bình,84,120,,,,,,,,,,,,
Ngh? An,Hòa Bình,66,102,,,,,,,,,,,,
Ninh Thu?n,Hòa Bình,84,120,,,,,,,,,,,,
Phú Yên,Hòa Bình,84,120,,,,,,,,,,,,
Qu?ng Bình,Hòa Bình,78,114,,,,,,,,,,,,
Qu?ng Nam,Hòa Bình,78,114,,,,,,,,,,,,
Qu?ng Ngãi,Hòa Bình,78,114,,,,,,,,,,,,
Qu?ng Tr?,Hòa Bình,78,114,,,,,,,,,,,,
Sóc Tr?ng,Hòa Bình,90,126,,,,,,,,,,,,
Tây Ninh,Hòa Bình,84,120,,,,,,,,,,,,
Th?a Thiên Hu?,Hòa Bình,78,114,,,,,,,,,,,,
Ti?n Giang,Hòa Bình,84,120,,,,,,,,,,,,
Trà Vinh,Hòa Bình,84,120,,,,,,,,,,,,
V?nh Long,Hòa Bình,84,120,,,,,,,,,,,,
B?c Giang,Hòa Bình,66,102,,,,,,,,,,,,
B?c K?n,Hòa Bình,66,102,,,,,,,,,,,,
B?c Ninh,Hòa Bình,66,102,,,,,,,,,,,,
Hà Giang,Hòa Bình,84,120,,,,,,,,,,,,
Hà Nam,Hòa Bình,66,102,,,,,,,,,,,,
H?i D??ng,Hòa Bình,66,102,,,,,,,,,,,,
H?i Phòng,Hòa Bình,66,102,,,,,,,,,,,,
H?ng Yên,Hòa Bình,66,102,,,,,,,,,,,,
L?ng S?n,Hòa Bình,66,102,,,,,,,,,,,,
Lào Cai,Hòa Bình,84,120,,,,,,,,,,,,
Nam ??nh,Hòa Bình,66,102,,,,,,,,,,,,
Ninh Bình,Hòa Bình,66,102,,,,,,,,,,,,
Qu?ng Ninh,Hòa Bình,72,108,,,,,,,,,,,,
S?n La,Hòa Bình,78,114,,,,,,,,,,,,
Thái Bình,Hòa Bình,66,102,,,,,,,,,,,,
Thái Nguyên,Hòa Bình,66,102,,,,,,,,,,,,
Thanh Hóa,Hòa Bình,66,102,,,,,,,,,,,,
Tuyên Quang,Hòa Bình,66,102,,,,,,,,,,,,
Yên Bái,Hòa Bình,78,114,,,,,,,,,,,,
B?c Giang,H?ng Yên,54,90,,,,,,,,,,,,
B?c Ninh,H?ng Yên,54,90,,,,,,,,,,,,
Hà Nam,H?ng Yên,54,90,,,,,,,,,,,,
Hà N?i,H?ng Yên,48,84,,,,,,,,,,,,
H?i D??ng,H?ng Yên,48,84,,,,,,,,,,,,
H?i Phòng,H?ng Yên,48,84,,,,,,,,,,,,
Nam ??nh,H?ng Yên,54,90,,,,,,,,,,,,
Ninh Bình,H?ng Yên,54,90,,,,,,,,,,,,
Thái Bình,H?ng Yên,54,90,,,,,,,,,,,,
An Giang,H?ng Yên,84,108,,,,,,,,,,,,
Bà R?a - V?ng Tàu,H?ng Yên,84,108,,,,,,,,,,,,
B?c Liêu,H?ng Yên,84,108,,,,,,,,,,,,
B?n Tre,H?ng Yên,84,108,,,,,,,,,,,,
Bình ??nh,H?ng Yên,84,108,,,,,,,,,,,,
Bình D??ng,H?ng Yên,84,108,,,,,,,,,,,,
Bình Ph??c,H?ng Yên,84,108,,,,,,,,,,,,
Bình Thu?n,H?ng Yên,84,108,,,,,,,,,,,,
Cà Mau,H?ng Yên,84,108,,,,,,,,,,,,
C?n Th?,H?ng Yên,84,108,,,,,,,,,,,,
Cao B?ng,H?ng Yên,60,84,,,,,,,,,,,,
?à N?ng,H?ng Yên,72,96,,,,,,,,,,,,
??k L?k,H?ng Yên,84,108,,,,,,,,,,,,
??k Nông,H?ng Yên,84,108,,,,,,,,,,,,
?i?n Biên,H?ng Yên,78,102,,,,,,,,,,,,
??ng Nai,H?ng Yên,84,108,,,,,,,,,,,,
??ng Tháp,H?ng Yên,84,108,,,,,,,,,,,,
Gia Lai,H?ng Yên,84,108,,,,,,,,,,,,
Hòa Bình,Hòa Bình,24,72,,,,,,,,,,,,
Hà Giang,H?ng Yên,72,96,,,,,,,,,,,,
Hà T?nh,H?ng Yên,78,102,,,,,,,,,,,,
H?u Giang,H?ng Yên,84,108,,,,,,,,,,,,
TP. H? Chí Minh,H?ng Yên,66,90,,,,,,,,,,,,
Khánh Hòa,H?ng Yên,84,108,,,,,,,,,,,,
Kiên Giang,H?ng Yên,84,108,,,,,,,,,,,,
Kon Tum,H?ng Yên,84,108,,,,,,,,,,,,
Lai Châu,H?ng Yên,78,102,,,,,,,,,,,,
Lâm ??ng,H?ng Yên,84,108,,,,,,,,,,,,
Lào Cai,H?ng Yên,78,102,,,,,,,,,,,,
Long An,H?ng Yên,84,108,,,,,,,,,,,,
Ninh Thu?n,H?ng Yên,84,108,,,,,,,,,,,,
Phú Yên,H?ng Yên,84,108,,,,,,,,,,,,
Qu?ng Bình,H?ng Yên,78,102,,,,,,,,,,,,
Qu?ng Nam,H?ng Yên,78,102,,,,,,,,,,,,
Qu?ng Ngãi,H?ng Yên,78,102,,,,,,,,,,,,
Qu?ng Tr?,H?ng Yên,78,102,,,,,,,,,,,,
Sóc Tr?ng,H?ng Yên,84,108,,,,,,,,,,,,
S?n La,H?ng Yên,78,102,,,,,,,,,,,,
Tây Ninh,H?ng Yên,84,108,,,,,,,,,,,,
Th?a Thiên Hu?,H?ng Yên,78,102,,,,,,,,,,,,
Ti?n Giang,H?ng Yên,84,108,,,,,,,,,,,,
Trà Vinh,H?ng Yên,84,108,,,,,,,,,,,,
V?nh Long,H?ng Yên,84,108,,,,,,,,,,,,
B?c K?n,H?ng Yên,66,90,,,,,,,,,,,,
Hòa Bình,H?ng Yên,66,90,,,,,,,,,,,,
L?ng S?n,H?ng Yên,66,90,,,,,,,,,,,,
Ngh? An,H?ng Yên,66,90,,,,,,,,,,,,
Phú Th?,H?ng Yên,66,90,,,,,,,,,,,,
Qu?ng Ninh,H?ng Yên,72,96,,,,,,,,,,,,
Thái Nguyên,H?ng Yên,66,90,,,,,,,,,,,,
Thanh Hóa,H?ng Yên,66,90,,,,,,,,,,,,
Tuyên Quang,H?ng Yên,66,90,,,,,,,,,,,,
V?nh Phúc,H?ng Yên,66,90,,,,,,,,,,,,
Yên Bái,H?ng Yên,66,90,,,,,,,,,,,,
Ninh Thu?n,Khánh Hòa,72,120,,,,,,,,,,,,
An Giang,Khánh Hòa,72,108,,,,,,,,,,,,
Bà R?a - V?ng Tàu,Khánh Hòa,84,120,,,,,,,,,,,,
B?c Giang,Khánh Hòa,78,114,,,,,,,,,,,,
B?c K?n,Khánh Hòa,84,120,,,,,,,,,,,,
B?c Liêu,Khánh Hòa,84,120,,,,,,,,,,,,
B?c Ninh,Khánh Hòa,78,114,,,,,,,,,,,,
B?n Tre,Khánh Hòa,84,120,,,,,,,,,,,,
Bình D??ng,Khánh Hòa,84,120,,,,,,,,,,,,
Bình Ph??c,Khánh Hòa,84,120,,,,,,,,,,,,
Cà Mau,Khánh Hòa,84,120,,,,,,,,,,,,
C?n Th?,Khánh Hòa,72,108,,,,,,,,,,,,
Cao B?ng,Khánh Hòa,84,120,,,,,,,,,,,,
?à N?ng,Khánh Hòa,78,114,,,,,,,,,,,,
??k L?k,Khánh Hòa,84,120,,,,,,,,,,,,
??k Nông,Khánh Hòa,84,120,,,,,,,,,,,,
?i?n Biên,Khánh Hòa,84,120,,,,,,,,,,,,
??ng Nai,Khánh Hòa,84,120,,,,,,,,,,,,
??ng Tháp,Khánh Hòa,72,108,,,,,,,,,,,,
Gia Lai,Khánh Hòa,84,120,,,,,,,,,,,,
Hà Giang,Khánh Hòa,84,120,,,,,,,,,,,,
Hà Nam,Khánh Hòa,84,120,,,,,,,,,,,,
Hà N?i,Khánh Hòa,72,108,,,,,,,,,,,,
Hà T?nh,Khánh Hòa,84,120,,,,,,,,,,,,
H?i D??ng,Khánh Hòa,66,102,,,,,,,,,,,,
H?i Phòng,Khánh Hòa,84,120,,,,,,,,,,,,
H?u Giang,Khánh Hòa,72,108,,,,,,,,,,,,
TP. H? Chí Minh,Khánh Hòa,72,108,,,,,,,,,,,,
H?ng Yên,H?ng Yên,24,72,,,,,,,,,,,,
Hòa Bình,Khánh Hòa,84,120,,,,,,,,,,,,
H?ng Yên,Khánh Hòa,84,120,,,,,,,,,,,,
Kiên Giang,Khánh Hòa,72,108,,,,,,,,,,,,
Kon Tum,Khánh Hòa,78,114,,,,,,,,,,,,
Lai Châu,Khánh Hòa,84,120,,,,,,,,,,,,
Lâm ??ng,Khánh Hòa,84,120,,,,,,,,,,,,
L?ng S?n,Khánh Hòa,84,120,,,,,,,,,,,,
Lào Cai,Khánh Hòa,84,120,,,,,,,,,,,,
Long An,Khánh Hòa,84,120,,,,,,,,,,,,
Nam ??nh,Khánh Hòa,78,114,,,,,,,,,,,,
Ngh? An,Khánh Hòa,84,120,,,,,,,,,,,,
Ninh Bình,Khánh Hòa,84,120,,,,,,,,,,,,
Phú Th?,Khánh Hòa,84,120,,,,,,,,,,,,
Qu?ng Bình,Khánh Hòa,84,120,,,,,,,,,,,,
Qu?ng Nam,Khánh Hòa,78,114,,,,,,,,,,,,
Qu?ng Ngãi,Khánh Hòa,78,114,,,,,,,,,,,,
Qu?ng Ninh,Khánh Hòa,84,120,,,,,,,,,,,,
Qu?ng Tr?,Khánh Hòa,78,114,,,,,,,,,,,,
Sóc Tr?ng,Khánh Hòa,84,120,,,,,,,,,,,,
S?n La,Khánh Hòa,84,120,,,,,,,,,,,,
Tây Ninh,Khánh Hòa,84,120,,,,,,,,,,,,
Thái Bình,Khánh Hòa,84,120,,,,,,,,,,,,
Thanh Hóa,Khánh Hòa,84,120,,,,,,,,,,,,
Th?a Thiên Hu?,Khánh Hòa,78,114,,,,,,,,,,,,
Ti?n Giang,Khánh Hòa,84,120,,,,,,,,,,,,
Trà Vinh,Khánh Hòa,72,108,,,,,,,,,,,,
Tuyên Quang,Khánh Hòa,84,120,,,,,,,,,,,,
V?nh Long,Khánh Hòa,72,108,,,,,,,,,,,,
V?nh Phúc,Khánh Hòa,84,120,,,,,,,,,,,,
Yên Bái,Khánh Hòa,78,114,,,,,,,,,,,,
Bình ??nh,Khánh Hòa,78,114,,,,,,,,,,,,
Bình Thu?n,Khánh Hòa,66,102,,,,,,,,,,,,
Phú Yên,Khánh Hòa,78,114,,,,,,,,,,,,
Thái Nguyên,Khánh Hòa,84,120,,,,,,,,,,,,
An Giang,Kiên Giang,54,102,,,,,,,,,,,,
H?u Giang,Kiên Giang,54,102,,,,,,,,,,,,
Bà R?a - V?ng Tàu,Kiên Giang,84,120,,,,,,,,,,,,
B?c Giang,Kiên Giang,84,120,,,,,,,,,,,,
B?c K?n,Kiên Giang,84,120,,,,,,,,,,,,
B?c Ninh,Kiên Giang,84,120,,,,,,,,,,,,
Bình ??nh,Kiên Giang,84,120,,,,,,,,,,,,
Bình Ph??c,Kiên Giang,84,120,,,,,,,,,,,,
Bình Thu?n,Kiên Giang,84,120,,,,,,,,,,,,
Cao B?ng,Kiên Giang,84,120,,,,,,,,,,,,
?à N?ng,Kiên Giang,84,120,,,,,,,,,,,,
??k L?k,Kiên Giang,84,120,,,,,,,,,,,,
??k Nông,Kiên Giang,84,120,,,,,,,,,,,,
?i?n Biên,Kiên Giang,84,120,,,,,,,,,,,,
??ng Nai,Kiên Giang,84,120,,,,,,,,,,,,
Gia Lai,Kiên Giang,78,114,,,,,,,,,,,,
Hà Giang,Kiên Giang,84,120,,,,,,,,,,,,
Hà Nam,Kiên Giang,84,120,,,,,,,,,,,,
Hà N?i,Kiên Giang,84,120,,,,,,,,,,,,
Hà T?nh,Kiên Giang,84,120,,,,,,,,,,,,
H?i D??ng,Kiên Giang,78,114,,,,,,,,,,,,
H?i Phòng,Kiên Giang,78,114,,,,,,,,,,,,
Hòa Bình,Kiên Giang,84,120,,,,,,,,,,,,
H?ng Yên,Kiên Giang,78,114,,,,,,,,,,,,
Khánh Hòa,Kiên Giang,72,108,,,,,,,,,,,,
Kon Tum,Kiên Giang,84,120,,,,,,,,,,,,
Lai Châu,Kiên Giang,84,120,,,,,,,,,,,,
Lâm ??ng,Kiên Giang,84,120,,,,,,,,,,,,
L?ng S?n,Kiên Giang,84,120,,,,,,,,,,,,
Khánh Hòa,Khánh Hòa,24,72,,,,,,,,,,,,
Lào Cai,Kiên Giang,84,120,,,,,,,,,,,,
Nam ??nh,Kiên Giang,84,120,,,,,,,,,,,,
Ngh? An,Kiên Giang,84,120,,,,,,,,,,,,
Ninh Bình,Kiên Giang,84,120,,,,,,,,,,,,
Ninh Thu?n,Kiên Giang,84,120,,,,,,,,,,,,
Phú Th?,Kiên Giang,84,120,,,,,,,,,,,,
Phú Yên,Kiên Giang,84,120,,,,,,,,,,,,
Qu?ng Bình,Kiên Giang,84,120,,,,,,,,,,,,
Qu?ng Nam,Kiên Giang,84,120,,,,,,,,,,,,
Qu?ng Ngãi,Kiên Giang,84,120,,,,,,,,,,,,
Qu?ng Ninh,Kiên Giang,84,120,,,,,,,,,,,,
Qu?ng Tr?,Kiên Giang,84,120,,,,,,,,,,,,
S?n La,Kiên Giang,84,120,,,,,,,,,,,,
Tây Ninh,Kiên Giang,84,120,,,,,,,,,,,,
Thái Bình,Kiên Giang,84,120,,,,,,,,,,,,
Thái Nguyên,Kiên Giang,84,120,,,,,,,,,,,,
Thanh Hóa,Kiên Giang,84,120,,,,,,,,,,,,
Th?a Thiên Hu?,Kiên Giang,84,120,,,,,,,,,,,,
Tuyên Quang,Kiên Giang,84,120,,,,,,,,,,,,
V?nh Phúc,Kiên Giang,84,120,,,,,,,,,,,,
Yên Bái,Kiên Giang,84,120,,,,,,,,,,,,
B?c Liêu,Kiên Giang,66,102,,,,,,,,,,,,
B?n Tre,Kiên Giang,84,120,,,,,,,,,,,,
Bình D??ng,Kiên Giang,84,120,,,,,,,,,,,,
Cà Mau,Kiên Giang,66,102,,,,,,,,,,,,
C?n Th?,Kiên Giang,66,102,,,,,,,,,,,,
??ng Tháp,Kiên Giang,66,102,,,,,,,,,,,,
TP. H? Chí Minh,Kiên Giang,72,108,,,,,,,,,,,,
Long An,Kiên Giang,84,120,,,,,,,,,,,,
Sóc Tr?ng,Kiên Giang,66,102,,,,,,,,,,,,
Ti?n Giang,Kiên Giang,84,120,,,,,,,,,,,,
Trà Vinh,Kiên Giang,66,102,,,,,,,,,,,,
V?nh Long,Kiên Giang,66,102,,,,,,,,,,,,
Gia Lai,Kon Tum,72,126,,,,,,,,,,,,
An Giang,Kon Tum,90,144,,,,,,,,,,,,
Bà R?a - V?ng Tàu,Kon Tum,84,138,,,,,,,,,,,,
B?c Giang,Kon Tum,84,138,,,,,,,,,,,,
B?c K?n,Kon Tum,84,138,,,,,,,,,,,,
B?c Liêu,Kon Tum,90,144,,,,,,,,,,,,
B?c Ninh,Kon Tum,84,138,,,,,,,,,,,,
B?n Tre,Kon Tum,84,138,,,,,,,,,,,,
Bình ??nh,Kon Tum,84,138,,,,,,,,,,,,
Bình D??ng,Kon Tum,84,138,,,,,,,,,,,,
Bình Ph??c,Kon Tum,84,138,,,,,,,,,,,,
Bình Thu?n,Kon Tum,84,138,,,,,,,,,,,,
Cà Mau,Kon Tum,90,144,,,,,,,,,,,,
C?n Th?,Kon Tum,90,144,,,,,,,,,,,,
Cao B?ng,Kon Tum,84,138,,,,,,,,,,,,
?à N?ng,Kon Tum,72,126,,,,,,,,,,,,
??k Nông,Kon Tum,84,138,,,,,,,,,,,,
?i?n Biên,Kon Tum,84,138,,,,,,,,,,,,
??ng Nai,Kon Tum,84,138,,,,,,,,,,,,
??ng Tháp,Kon Tum,90,144,,,,,,,,,,,,
Hà Giang,Kon Tum,84,138,,,,,,,,,,,,
Hà Nam,Kon Tum,84,138,,,,,,,,,,,,
Hà N?i,Kon Tum,84,138,,,,,,,,,,,,
Hà T?nh,Kon Tum,84,138,,,,,,,,,,,,
H?i D??ng,Kon Tum,84,138,,,,,,,,,,,,
H?i Phòng,Kon Tum,84,138,,,,,,,,,,,,
H?u Giang,Kon Tum,90,144,,,,,,,,,,,,
TP. H? Chí Minh,Kon Tum,84,138,,,,,,,,,,,,
Hòa Bình,Kon Tum,84,138,,,,,,,,,,,,
H?ng Yên,Kon Tum,84,138,,,,,,,,,,,,
Kiên Giang,Kiên Giang,24,72,,,,,,,,,,,,
Khánh Hòa,Kon Tum,84,138,,,,,,,,,,,,
Kiên Giang,Kon Tum,90,144,,,,,,,,,,,,
Lai Châu,Kon Tum,84,138,,,,,,,,,,,,
Lâm ??ng,Kon Tum,84,138,,,,,,,,,,,,
L?ng S?n,Kon Tum,84,138,,,,,,,,,,,,
Lào Cai,Kon Tum,84,138,,,,,,,,,,,,
Long An,Kon Tum,84,138,,,,,,,,,,,,
Nam ??nh,Kon Tum,84,138,,,,,,,,,,,,
Ngh? An,Kon Tum,84,138,,,,,,,,,,,,
Ninh Bình,Kon Tum,84,138,,,,,,,,,,,,
Ninh Thu?n,Kon Tum,84,138,,,,,,,,,,,,
Phú Th?,Kon Tum,84,138,,,,,,,,,,,,
Phú Yên,Kon Tum,84,138,,,,,,,,,,,,
Qu?ng Bình,Kon Tum,78,132,,,,,,,,,,,,
Qu?ng Nam,Kon Tum,78,132,,,,,,,,,,,,
Qu?ng Ngãi,Kon Tum,84,138,,,,,,,,,,,,
Qu?ng Ninh,Kon Tum,84,138,,,,,,,,,,,,
Qu?ng Tr?,Kon Tum,84,138,,,,,,,,,,,,
Sóc Tr?ng,Kon Tum,90,144,,,,,,,,,,,,
S?n La,Kon Tum,84,138,,,,,,,,,,,,
Tây Ninh,Kon Tum,84,138,,,,,,,,,,,,
Thái Bình,Kon Tum,84,138,,,,,,,,,,,,
Thái Nguyên,Kon Tum,84,138,,,,,,,,,,,,
Thanh Hóa,Kon Tum,84,138,,,,,,,,,,,,
Th?a Thiên Hu?,Kon Tum,84,138,,,,,,,,,,,,
Ti?n Giang,Kon Tum,84,138,,,,,,,,,,,,
Trà Vinh,Kon Tum,90,144,,,,,,,,,,,,
Tuyên Quang,Kon Tum,84,138,,,,,,,,,,,,
V?nh Long,Kon Tum,90,144,,,,,,,,,,,,
V?nh Phúc,Kon Tum,84,138,,,,,,,,,,,,
Yên Bái,Kon Tum,84,138,,,,,,,,,,,,
??k L?k,Kon Tum,84,138,,,,,,,,,,,,
An Giang,Lai Châu,90,114,,,,,,,,,,,,
Bà R?a - V?ng Tàu,Lai Châu,90,114,,,,,,,,,,,,
B?c Giang,Lai Châu,84,108,,,,,,,,,,,,
B?c K?n,Lai Châu,84,108,,,,,,,,,,,,
B?c Liêu,Lai Châu,90,114,,,,,,,,,,,,
B?c Ninh,Lai Châu,84,108,,,,,,,,,,,,
B?n Tre,Lai Châu,90,114,,,,,,,,,,,,
Bình ??nh,Lai Châu,84,108,,,,,,,,,,,,
Bình D??ng,Lai Châu,84,108,,,,,,,,,,,,
Bình Ph??c,Lai Châu,90,114,,,,,,,,,,,,
Bình Thu?n,Lai Châu,84,108,,,,,,,,,,,,
Cà Mau,Lai Châu,90,114,,,,,,,,,,,,
C?n Th?,Lai Châu,90,114,,,,,,,,,,,,
Cao B?ng,Lai Châu,84,108,,,,,,,,,,,,
?à N?ng,Lai Châu,84,108,,,,,,,,,,,,
??k L?k,Lai Châu,84,108,,,,,,,,,,,,
??k Nông,Lai Châu,90,114,,,,,,,,,,,,
??ng Nai,Lai Châu,90,114,,,,,,,,,,,,
??ng Tháp,Lai Châu,90,114,,,,,,,,,,,,
Gia Lai,Lai Châu,84,108,,,,,,,,,,,,
Hà Giang,Lai Châu,84,108,,,,,,,,,,,,
Hà Nam,Lai Châu,84,108,,,,,,,,,,,,
Hà N?i,Lai Châu,78,102,,,,,,,,,,,,
Hà T?nh,Lai Châu,84,108,,,,,,,,,,,,
H?i D??ng,Lai Châu,84,108,,,,,,,,,,,,
H?i Phòng,Lai Châu,84,108,,,,,,,,,,,,
H?u Giang,Lai Châu,90,114,,,,,,,,,,,,
TP. H? Chí Minh,Lai Châu,84,108,,,,,,,,,,,,
Hòa Bình,Lai Châu,84,108,,,,,,,,,,,,
H?ng Yên,Lai Châu,84,108,,,,,,,,,,,,
Khánh Hòa,Lai Châu,84,108,,,,,,,,,,,,
Kon Tum,Kon Tum,24,78,,,,,,,,,,,,
Kiên Giang,Lai Châu,90,114,,,,,,,,,,,,
Kon Tum,Lai Châu,84,108,,,,,,,,,,,,
Lâm ??ng,Lai Châu,84,108,,,,,,,,,,,,
L?ng S?n,Lai Châu,84,108,,,,,,,,,,,,
Long An,Lai Châu,90,114,,,,,,,,,,,,
Nam ??nh,Lai Châu,84,108,,,,,,,,,,,,
Ngh? An,Lai Châu,84,108,,,,,,,,,,,,
Ninh Bình,Lai Châu,84,108,,,,,,,,,,,,
Ninh Thu?n,Lai Châu,84,108,,,,,,,,,,,,
Phú Th?,Lai Châu,84,108,,,,,,,,,,,,
Phú Yên,Lai Châu,84,108,,,,,,,,,,,,
Qu?ng Bình,Lai Châu,84,108,,,,,,,,,,,,
Qu?ng Nam,Lai Châu,84,108,,,,,,,,,,,,
Qu?ng Ngãi,Lai Châu,84,108,,,,,,,,,,,,
Qu?ng Ninh,Lai Châu,84,108,,,,,,,,,,,,
Qu?ng Tr?,Lai Châu,84,108,,,,,,,,,,,,
Sóc Tr?ng,Lai Châu,90,114,,,,,,,,,,,,
Tây Ninh,Lai Châu,90,114,,,,,,,,,,,,
Thái Bình,Lai Châu,84,108,,,,,,,,,,,,
Thái Nguyên,Lai Châu,84,108,,,,,,,,,,,,
Thanh Hóa,Lai Châu,84,108,,,,,,,,,,,,
Th?a Thiên Hu?,Lai Châu,84,108,,,,,,,,,,,,
Ti?n Giang,Lai Châu,90,114,,,,,,,,,,,,
Trà Vinh,Lai Châu,90,114,,,,,,,,,,,,
Tuyên Quang,Lai Châu,84,108,,,,,,,,,,,,
V?nh Long,Lai Châu,90,114,,,,,,,,,,,,
V?nh Phúc,Lai Châu,84,108,,,,,,,,,,,,
?i?n Biên,Lai Châu,84,108,,,,,,,,,,,,
Lào Cai,Lai Châu,66,90,,,,,,,,,,,,
S?n La,Lai Châu,84,108,,,,,,,,,,,,
Yên Bái,Lai Châu,84,108,,,,,,,,,,,,
An Giang,Lâm ??ng,72,108,,,,,,,,,,,,
B?c Giang,Lâm ??ng,84,120,,,,,,,,,,,,
B?c K?n,Lâm ??ng,84,120,,,,,,,,,,,,
B?c Liêu,Lâm ??ng,84,120,,,,,,,,,,,,
B?c Ninh,Lâm ??ng,84,120,,,,,,,,,,,,
B?n Tre,Lâm ??ng,84,120,,,,,,,,,,,,
Bình ??nh,Lâm ??ng,84,120,,,,,,,,,,,,
Bình Ph??c,Lâm ??ng,84,120,,,,,,,,,,,,
Bình Thu?n,Lâm ??ng,84,120,,,,,,,,,,,,
Cà Mau,Lâm ??ng,84,120,,,,,,,,,,,,
C?n Th?,Lâm ??ng,72,108,,,,,,,,,,,,
Cao B?ng,Lâm ??ng,84,120,,,,,,,,,,,,
?à N?ng,Lâm ??ng,84,120,,,,,,,,,,,,
?i?n Biên,Lâm ??ng,84,120,,,,,,,,,,,,
??ng Tháp,Lâm ??ng,72,108,,,,,,,,,,,,
Gia Lai,Lâm ??ng,84,120,,,,,,,,,,,,
Hà Giang,Lâm ??ng,84,120,,,,,,,,,,,,
Hà Nam,Lâm ??ng,84,120,,,,,,,,,,,,
Hà N?i,Lâm ??ng,84,120,,,,,,,,,,,,
Hà T?nh,Lâm ??ng,84,120,,,,,,,,,,,,
H?i D??ng,Lâm ??ng,84,120,,,,,,,,,,,,
H?i Phòng,Lâm ??ng,84,120,,,,,,,,,,,,
H?u Giang,Lâm ??ng,72,108,,,,,,,,,,,,
TP. H? Chí Minh,Lâm ??ng,72,108,,,,,,,,,,,,
Hòa Bình,Lâm ??ng,84,120,,,,,,,,,,,,
H?ng Yên,Lâm ??ng,84,120,,,,,,,,,,,,
Khánh Hòa,Lâm ??ng,84,120,,,,,,,,,,,,
Kiên Giang,Lâm ??ng,72,108,,,,,,,,,,,,
Kon Tum,Lâm ??ng,84,120,,,,,,,,,,,,
Lai Châu,Lâm ??ng,84,120,,,,,,,,,,,,
L?ng S?n,Lâm ??ng,84,120,,,,,,,,,,,,
Lào Cai,Lâm ??ng,84,120,,,,,,,,,,,,
Lai Châu,Lai Châu,24,72,,,,,,,,,,,,
Long An,Lâm ??ng,84,120,,,,,,,,,,,,
Nam ??nh,Lâm ??ng,84,120,,,,,,,,,,,,
Ngh? An,Lâm ??ng,84,120,,,,,,,,,,,,
Ninh Bình,Lâm ??ng,84,120,,,,,,,,,,,,
Ninh Thu?n,Lâm ??ng,84,120,,,,,,,,,,,,
Phú Th?,Lâm ??ng,84,120,,,,,,,,,,,,
Phú Yên,Lâm ??ng,84,120,,,,,,,,,,,,
Qu?ng Bình,Lâm ??ng,84,120,,,,,,,,,,,,
Qu?ng Nam,Lâm ??ng,84,120,,,,,,,,,,,,
Qu?ng Ngãi,Lâm ??ng,84,120,,,,,,,,,,,,
Qu?ng Ninh,Lâm ??ng,84,120,,,,,,,,,,,,
Qu?ng Tr?,Lâm ??ng,84,120,,,,,,,,,,,,
Sóc Tr?ng,Lâm ??ng,84,120,,,,,,,,,,,,
S?n La,Lâm ??ng,84,120,,,,,,,,,,,,
Tây Ninh,Lâm ??ng,84,120,,,,,,,,,,,,
Thái Bình,Lâm ??ng,84,120,,,,,,,,,,,,
Thái Nguyên,Lâm ??ng,84,120,,,,,,,,,,,,
Thanh Hóa,Lâm ??ng,84,120,,,,,,,,,,,,
Th?a Thiên Hu?,Lâm ??ng,84,120,,,,,,,,,,,,
Ti?n Giang,Lâm ??ng,84,120,,,,,,,,,,,,
Trà Vinh,Lâm ??ng,72,108,,,,,,,,,,,,
Tuyên Quang,Lâm ??ng,84,120,,,,,,,,,,,,
V?nh Long,Lâm ??ng,72,108,,,,,,,,,,,,
V?nh Phúc,Lâm ??ng,84,120,,,,,,,,,,,,
Yên Bái,Lâm ??ng,84,120,,,,,,,,,,,,
Bà R?a - V?ng Tàu,Lâm ??ng,84,120,,,,,,,,,,,,
Bình D??ng,Lâm ??ng,84,120,,,,,,,,,,,,
??k L?k,Lâm ??ng,84,120,,,,,,,,,,,,
??k Nông,Lâm ??ng,84,120,,,,,,,,,,,,
??ng Nai,Lâm ??ng,84,120,,,,,,,,,,,,
B?c Giang,L?ng S?n,54,102,,,,,,,,,,,,
An Giang,L?ng S?n,90,126,,,,,,,,,,,,
Bà R?a - V?ng Tàu,L?ng S?n,84,120,,,,,,,,,,,,
B?c Liêu,L?ng S?n,90,126,,,,,,,,,,,,
B?n Tre,L?ng S?n,84,120,,,,,,,,,,,,
Bình ??nh,L?ng S?n,84,120,,,,,,,,,,,,
Bình D??ng,L?ng S?n,84,120,,,,,,,,,,,,
Bình Ph??c,L?ng S?n,84,120,,,,,,,,,,,,
Bình Thu?n,L?ng S?n,84,120,,,,,,,,,,,,
Cà Mau,L?ng S?n,90,126,,,,,,,,,,,,
C?n Th?,L?ng S?n,96,132,,,,,,,,,,,,
?à N?ng,L?ng S?n,72,108,,,,,,,,,,,,
??k L?k,L?ng S?n,84,120,,,,,,,,,,,,
??k Nông,L?ng S?n,84,120,,,,,,,,,,,,
?i?n Biên,L?ng S?n,78,114,,,,,,,,,,,,
??ng Nai,L?ng S?n,84,120,,,,,,,,,,,,
??ng Tháp,L?ng S?n,90,126,,,,,,,,,,,,
Gia Lai,L?ng S?n,84,120,,,,,,,,,,,,
Hà Giang,L?ng S?n,84,120,,,,,,,,,,,,
Hà T?nh,L?ng S?n,78,114,,,,,,,,,,,,
H?u Giang,L?ng S?n,96,132,,,,,,,,,,,,
TP. H? Chí Minh,L?ng S?n,72,108,,,,,,,,,,,,
Khánh Hòa,L?ng S?n,84,120,,,,,,,,,,,,
Kiên Giang,L?ng S?n,90,126,,,,,,,,,,,,
Kon Tum,L?ng S?n,84,120,,,,,,,,,,,,
Lai Châu,L?ng S?n,84,120,,,,,,,,,,,,
Lâm ??ng,L?ng S?n,84,120,,,,,,,,,,,,
Lào Cai,L?ng S?n,84,120,,,,,,,,,,,,
Long An,L?ng S?n,84,120,,,,,,,,,,,,
Ngh? An,L?ng S?n,66,102,,,,,,,,,,,,
Ninh Thu?n,L?ng S?n,84,120,,,,,,,,,,,,
Phú Yên,L?ng S?n,84,120,,,,,,,,,,,,
Qu?ng Bình,L?ng S?n,78,114,,,,,,,,,,,,
Lâm ??ng,Lâm ??ng,24,72,,,,,,,,,,,,
Qu?ng Nam,L?ng S?n,78,114,,,,,,,,,,,,
Qu?ng Ngãi,L?ng S?n,78,114,,,,,,,,,,,,
Qu?ng Tr?,L?ng S?n,78,114,,,,,,,,,,,,
Sóc Tr?ng,L?ng S?n,90,126,,,,,,,,,,,,
S?n La,L?ng S?n,78,114,,,,,,,,,,,,
Tây Ninh,L?ng S?n,84,120,,,,,,,,,,,,
Thanh Hóa,L?ng S?n,66,102,,,,,,,,,,,,
Th?a Thiên Hu?,L?ng S?n,78,114,,,,,,,,,,,,
Ti?n Giang,L?ng S?n,84,120,,,,,,,,,,,,
Trà Vinh,L?ng S?n,90,126,,,,,,,,,,,,
V?nh Long,L?ng S?n,90,126,,,,,,,,,,,,
B?c K?n,L?ng S?n,66,102,,,,,,,,,,,,
B?c Ninh,L?ng S?n,66,102,,,,,,,,,,,,
Cao B?ng,L?ng S?n,66,102,,,,,,,,,,,,
Hà Nam,L?ng S?n,66,102,,,,,,,,,,,,
Hà N?i,L?ng S?n,66,102,,,,,,,,,,,,
H?i D??ng,L?ng S?n,66,102,,,,,,,,,,,,
H?i Phòng,L?ng S?n,66,102,,,,,,,,,,,,
Hòa Bình,L?ng S?n,66,102,,,,,,,,,,,,
H?ng Yên,L?ng S?n,66,102,,,,,,,,,,,,
Nam ??nh,L?ng S?n,66,102,,,,,,,,,,,,
Ninh Bình,L?ng S?n,66,102,,,,,,,,,,,,
Phú Th?,L?ng S?n,66,102,,,,,,,,,,,,
Qu?ng Ninh,L?ng S?n,72,108,,,,,,,,,,,,
Thái Bình,L?ng S?n,66,102,,,,,,,,,,,,
Thái Nguyên,L?ng S?n,66,102,,,,,,,,,,,,
Tuyên Quang,L?ng S?n,66,102,,,,,,,,,,,,
V?nh Phúc,L?ng S?n,66,102,,,,,,,,,,,,
Yên Bái,L?ng S?n,78,114,,,,,,,,,,,,
An Giang,Lào Cai,90,138,,,,,,,,,,,,
Bà R?a - V?ng Tàu,Lào Cai,84,132,,,,,,,,,,,,
B?c Giang,Lào Cai,78,126,,,,,,,,,,,,
B?c K?n,Lào Cai,78,126,,,,,,,,,,,,
B?c Liêu,Lào Cai,90,138,,,,,,,,,,,,
B?n Tre,Lào Cai,84,132,,,,,,,,,,,,
Bình ??nh,Lào Cai,84,132,,,,,,,,,,,,
Bình D??ng,Lào Cai,84,132,,,,,,,,,,,,
Bình Ph??c,Lào Cai,84,132,,,,,,,,,,,,
Bình Thu?n,Lào Cai,84,132,,,,,,,,,,,,
Cà Mau,Lào Cai,90,138,,,,,,,,,,,,
C?n Th?,Lào Cai,90,138,,,,,,,,,,,,
Cao B?ng,Lào Cai,84,132,,,,,,,,,,,,
?à N?ng,Lào Cai,84,132,,,,,,,,,,,,
??k L?k,Lào Cai,84,132,,,,,,,,,,,,
??k Nông,Lào Cai,84,132,,,,,,,,,,,,
?i?n Biên,Lào Cai,84,132,,,,,,,,,,,,
??ng Nai,Lào Cai,84,132,,,,,,,,,,,,
??ng Tháp,Lào Cai,90,138,,,,,,,,,,,,
Gia Lai,Lào Cai,84,132,,,,,,,,,,,,
Hà Nam,Lào Cai,78,126,,,,,,,,,,,,
Hà T?nh,Lào Cai,78,126,,,,,,,,,,,,
H?i D??ng,Lào Cai,78,126,,,,,,,,,,,,
H?i Phòng,Lào Cai,78,126,,,,,,,,,,,,
H?u Giang,Lào Cai,90,138,,,,,,,,,,,,
TP. H? Chí Minh,Lào Cai,84,132,,,,,,,,,,,,
H?ng Yên,Lào Cai,78,126,,,,,,,,,,,,
Khánh Hòa,Lào Cai,84,132,,,,,,,,,,,,
Kiên Giang,Lào Cai,90,138,,,,,,,,,,,,
Kon Tum,Lào Cai,84,132,,,,,,,,,,,,
Lâm ??ng,Lào Cai,84,132,,,,,,,,,,,,
L?ng S?n,Lào Cai,78,126,,,,,,,,,,,,
Long An,Lào Cai,84,132,,,,,,,,,,,,
Nam ??nh,Lào Cai,78,126,,,,,,,,,,,,
L?ng S?n,L?ng S?n,24,72,,,,,,,,,,,,
Ngh? An,Lào Cai,78,126,,,,,,,,,,,,
Ninh Bình,Lào Cai,72,120,,,,,,,,,,,,
Ninh Thu?n,Lào Cai,84,132,,,,,,,,,,,,
Phú Yên,Lào Cai,84,132,,,,,,,,,,,,
Qu?ng Bình,Lào Cai,84,132,,,,,,,,,,,,
Qu?ng Nam,Lào Cai,84,132,,,,,,,,,,,,
Qu?ng Ngãi,Lào Cai,84,132,,,,,,,,,,,,
Qu?ng Ninh,Lào Cai,84,132,,,,,,,,,,,,
Qu?ng Tr?,Lào Cai,84,132,,,,,,,,,,,,
Sóc Tr?ng,Lào Cai,90,138,,,,,,,,,,,,
Tây Ninh,Lào Cai,84,132,,,,,,,,,,,,
Thái Bình,Lào Cai,78,126,,,,,,,,,,,,
Thái Nguyên,Lào Cai,78,126,,,,,,,,,,,,
Thanh Hóa,Lào Cai,78,126,,,,,,,,,,,,
Th?a Thiên Hu?,Lào Cai,84,132,,,,,,,,,,,,
Ti?n Giang,Lào Cai,84,132,,,,,,,,,,,,
Trà Vinh,Lào Cai,90,138,,,,,,,,,,,,
V?nh Long,Lào Cai,90,138,,,,,,,,,,,,
B?c Ninh,Lào Cai,84,132,,,,,,,,,,,,
Hà Giang,Lào Cai,84,132,,,,,,,,,,,,
Hà N?i,Lào Cai,72,120,,,,,,,,,,,,
Hòa Bình,Lào Cai,84,132,,,,,,,,,,,,
Lai Châu,Lào Cai,66,114,,,,,,,,,,,,
Phú Th?,Lào Cai,78,126,,,,,,,,,,,,
S?n La,Lào Cai,84,132,,,,,,,,,,,,
Tuyên Quang,Lào Cai,78,126,,,,,,,,,,,,
V?nh Phúc,Lào Cai,78,126,,,,,,,,,,,,
Yên Bái,Lào Cai,66,114,,,,,,,,,,,,
B?n Tre,Long An,54,90,,,,,,,,,,,,
Bình D??ng,Long An,54,90,,,,,,,,,,,,
??ng Nai,Long An,54,90,,,,,,,,,,,,
TP. H? Chí Minh,Long An,54,90,,,,,,,,,,,,
Ti?n Giang,Long An,54,90,,,,,,,,,,,,
Trà Vinh,Long An,54,90,,,,,,,,,,,,
V?nh Long,Long An,54,90,,,,,,,,,,,,
B?c Giang,Long An,78,102,,,,,,,,,,,,
B?c K?n,Long An,78,102,,,,,,,,,,,,
B?c Ninh,Long An,78,102,,,,,,,,,,,,
Bình ??nh,Long An,84,108,,,,,,,,,,,,
Cao B?ng,Long An,78,102,,,,,,,,,,,,
?à N?ng,Long An,78,102,,,,,,,,,,,,
??k L?k,Long An,84,108,,,,,,,,,,,,
??k Nông,Long An,66,90,,,,,,,,,,,,
?i?n Biên,Long An,84,108,,,,,,,,,,,,
Gia Lai,Long An,78,102,,,,,,,,,,,,
Hà Giang,Long An,84,108,,,,,,,,,,,,
Hà Nam,Long An,78,102,,,,,,,,,,,,
Hà N?i,Long An,78,102,,,,,,,,,,,,
Hà T?nh,Long An,84,108,,,,,,,,,,,,
H?i D??ng,Long An,78,102,,,,,,,,,,,,
H?i Phòng,Long An,78,102,,,,,,,,,,,,
Hòa Bình,Long An,78,102,,,,,,,,,,,,
H?ng Yên,Long An,78,102,,,,,,,,,,,,
Khánh Hòa,Long An,72,96,,,,,,,,,,,,
Kon Tum,Long An,84,108,,,,,,,,,,,,
Lai Châu,Long An,84,108,,,,,,,,,,,,
Lâm ??ng,Long An,72,96,,,,,,,,,,,,
L?ng S?n,Long An,78,102,,,,,,,,,,,,
Lào Cai,Long An,84,108,,,,,,,,,,,,
Nam ??nh,Long An,78,102,,,,,,,,,,,,
Ngh? An,Long An,78,102,,,,,,,,,,,,
Ninh Bình,Long An,78,102,,,,,,,,,,,,
Ninh Thu?n,Long An,84,108,,,,,,,,,,,,
Lào Cai,Lào Cai,24,78,,,,,,,,,,,,
Phú Th?,Long An,78,102,,,,,,,,,,,,
Phú Yên,Long An,84,108,,,,,,,,,,,,
Qu?ng Bình,Long An,84,108,,,,,,,,,,,,
Qu?ng Nam,Long An,78,102,,,,,,,,,,,,
Qu?ng Ngãi,Long An,78,102,,,,,,,,,,,,
Qu?ng Ninh,Long An,78,102,,,,,,,,,,,,
Qu?ng Tr?,Long An,78,102,,,,,,,,,,,,
S?n La,Long An,84,108,,,,,,,,,,,,
Thái Bình,Long An,78,102,,,,,,,,,,,,
Thái Nguyên,Long An,78,102,,,,,,,,,,,,
Thanh Hóa,Long An,78,102,,,,,,,,,,,,
Th?a Thiên Hu?,Long An,78,102,,,,,,,,,,,,
Tuyên Quang,Long An,78,102,,,,,,,,,,,,
V?nh Phúc,Long An,78,102,,,,,,,,,,,,
Yên Bái,Long An,84,108,,,,,,,,,,,,
An Giang,Long An,66,90,,,,,,,,,,,,
Bà R?a - V?ng Tàu,Long An,66,90,,,,,,,,,,,,
B?c Liêu,Long An,84,108,,,,,,,,,,,,
Bình Ph??c,Long An,66,90,,,,,,,,,,,,
Bình Thu?n,Long An,72,96,,,,,,,,,,,,
Cà Mau,Long An,84,108,,,,,,,,,,,,
C?n Th?,Long An,66,90,,,,,,,,,,,,
??ng Tháp,Long An,66,90,,,,,,,,,,,,
H?u Giang,Long An,66,90,,,,,,,,,,,,
Kiên Giang,Long An,66,90,,,,,,,,,,,,
Sóc Tr?ng,Long An,78,102,,,,,,,,,,,,
Tây Ninh,Long An,66,90,,,,,,,,,,,,
Hà Nam,Nam ??nh,54,102,,,,,,,,,,,,
Hà N?i,Nam ??nh,54,102,,,,,,,,,,,,
H?i D??ng,Nam ??nh,54,102,,,,,,,,,,,,
H?i Phòng,Nam ??nh,54,102,,,,,,,,,,,,
H?ng Yên,Nam ??nh,54,102,,,,,,,,,,,,
Ninh Bình,Nam ??nh,54,102,,,,,,,,,,,,
Thái Bình,Nam ??nh,54,102,,,,,,,,,,,,
Thanh Hóa,Nam ??nh,54,102,,,,,,,,,,,,
An Giang,Nam ??nh,84,120,,,,,,,,,,,,
Bà R?a - V?ng Tàu,Nam ??nh,84,120,,,,,,,,,,,,
B?c Liêu,Nam ??nh,90,126,,,,,,,,,,,,
B?n Tre,Nam ??nh,84,120,,,,,,,,,,,,
Bình ??nh,Nam ??nh,84,120,,,,,,,,,,,,
Bình D??ng,Nam ??nh,84,120,,,,,,,,,,,,
Bình Ph??c,Nam ??nh,84,120,,,,,,,,,,,,
Bình Thu?n,Nam ??nh,84,120,,,,,,,,,,,,
Cà Mau,Nam ??nh,90,126,,,,,,,,,,,,
C?n Th?,Nam ??nh,84,120,,,,,,,,,,,,
Cao B?ng,Nam ??nh,60,96,,,,,,,,,,,,
?à N?ng,Nam ??nh,72,108,,,,,,,,,,,,
??k L?k,Nam ??nh,84,120,,,,,,,,,,,,
??k Nông,Nam ??nh,84,120,,,,,,,,,,,,
?i?n Biên,Nam ??nh,78,114,,,,,,,,,,,,
??ng Nai,Nam ??nh,84,120,,,,,,,,,,,,
??ng Tháp,Nam ??nh,84,120,,,,,,,,,,,,
Gia Lai,Nam ??nh,84,120,,,,,,,,,,,,
Hà Giang,Nam ??nh,84,120,,,,,,,,,,,,
Hà T?nh,Nam ??nh,78,114,,,,,,,,,,,,
H?u Giang,Nam ??nh,84,120,,,,,,,,,,,,
TP. H? Chí Minh,Nam ??nh,72,108,,,,,,,,,,,,
Khánh Hòa,Nam ??nh,84,120,,,,,,,,,,,,
Kiên Giang,Nam ??nh,84,120,,,,,,,,,,,,
Kon Tum,Nam ??nh,84,120,,,,,,,,,,,,
Lai Châu,Nam ??nh,84,120,,,,,,,,,,,,
Lâm ??ng,Nam ??nh,84,120,,,,,,,,,,,,
Lào Cai,Nam ??nh,78,114,,,,,,,,,,,,
Long An,Long An,24,72,,,,,,,,,,,,
Long An,Nam ??nh,84,120,,,,,,,,,,,,
Ninh Thu?n,Nam ??nh,84,120,,,,,,,,,,,,
Phú Yên,Nam ??nh,84,120,,,,,,,,,,,,
Qu?ng Bình,Nam ??nh,78,114,,,,,,,,,,,,
Qu?ng Nam,Nam ??nh,78,114,,,,,,,,,,,,
Qu?ng Ngãi,Nam ??nh,78,114,,,,,,,,,,,,
Qu?ng Tr?,Nam ??nh,78,114,,,,,,,,,,,,
Sóc Tr?ng,Nam ??nh,90,126,,,,,,,,,,,,
S?n La,Nam ??nh,78,114,,,,,,,,,,,,
Tây Ninh,Nam ??nh,84,120,,,,,,,,,,,,
Th?a Thiên Hu?,Nam ??nh,78,114,,,,,,,,,,,,
Ti?n Giang,Nam ??nh,84,120,,,,,,,,,,,,
Trà Vinh,Nam ??nh,84,120,,,,,,,,,,,,
V?nh Long,Nam ??nh,84,120,,,,,,,,,,,,
B?c Giang,Nam ??nh,66,102,,,,,,,,,,,,
B?c K?n,Nam ??nh,66,102,,,,,,,,,,,,
B?c Ninh,Nam ??nh,66,102,,,,,,,,,,,,
Hòa Bình,Nam ??nh,66,102,,,,,,,,,,,,
L?ng S?n,Nam ??nh,66,102,,,,,,,,,,,,
Ngh? An,Nam ??nh,66,102,,,,,,,,,,,,
Phú Th?,Nam ??nh,66,102,,,,,,,,,,,,
Qu?ng Ninh,Nam ??nh,72,108,,,,,,,,,,,,
Thái Nguyên,Nam ??nh,66,102,,,,,,,,,,,,
Tuyên Quang,Nam ??nh,66,102,,,,,,,,,,,,
V?nh Phúc,Nam ??nh,66,102,,,,,,,,,,,,
Yên Bái,Nam ??nh,78,114,,,,,,,,,,,,
Hà T?nh,Ngh? An,54,102,,,,,,,,,,,,
An Giang,Ngh? An,90,126,,,,,,,,,,,,
Bà R?a - V?ng Tàu,Ngh? An,84,120,,,,,,,,,,,,
B?c Giang,Ngh? An,72,108,,,,,,,,,,,,
B?c K?n,Ngh? An,72,108,,,,,,,,,,,,
B?c Liêu,Ngh? An,90,126,,,,,,,,,,,,
B?c Ninh,Ngh? An,72,108,,,,,,,,,,,,
B?n Tre,Ngh? An,84,120,,,,,,,,,,,,
Bình ??nh,Ngh? An,84,120,,,,,,,,,,,,
Bình D??ng,Ngh? An,84,120,,,,,,,,,,,,
Bình Ph??c,Ngh? An,84,120,,,,,,,,,,,,
Bình Thu?n,Ngh? An,84,120,,,,,,,,,,,,
Cà Mau,Ngh? An,90,126,,,,,,,,,,,,
C?n Th?,Ngh? An,90,126,,,,,,,,,,,,
Cao B?ng,Ngh? An,72,108,,,,,,,,,,,,
?à N?ng,Ngh? An,78,114,,,,,,,,,,,,
??k L?k,Ngh? An,84,120,,,,,,,,,,,,
??k Nông,Ngh? An,84,120,,,,,,,,,,,,
?i?n Biên,Ngh? An,84,120,,,,,,,,,,,,
??ng Nai,Ngh? An,84,120,,,,,,,,,,,,
??ng Tháp,Ngh? An,90,126,,,,,,,,,,,,
Gia Lai,Ngh? An,84,120,,,,,,,,,,,,
Hà Giang,Ngh? An,84,120,,,,,,,,,,,,
Hà N?i,Ngh? An,66,102,,,,,,,,,,,,
H?i D??ng,Ngh? An,72,108,,,,,,,,,,,,
H?i Phòng,Ngh? An,72,108,,,,,,,,,,,,
H?u Giang,Ngh? An,90,126,,,,,,,,,,,,
TP. H? Chí Minh,Ngh? An,78,114,,,,,,,,,,,,
Hòa Bình,Ngh? An,72,108,,,,,,,,,,,,
Khánh Hòa,Ngh? An,84,120,,,,,,,,,,,,
Kiên Giang,Ngh? An,90,126,,,,,,,,,,,,
Kon Tum,Ngh? An,84,120,,,,,,,,,,,,
Lai Châu,Ngh? An,84,120,,,,,,,,,,,,
Lâm ??ng,Ngh? An,84,120,,,,,,,,,,,,
L?ng S?n,Ngh? An,72,108,,,,,,,,,,,,
Lào Cai,Ngh? An,84,120,,,,,,,,,,,,
Long An,Ngh? An,84,120,,,,,,,,,,,,
Nam ??nh,Nam ??nh,24,72,,,,,,,,,,,,
Ninh Thu?n,Ngh? An,84,120,,,,,,,,,,,,
Phú Th?,Ngh? An,72,108,,,,,,,,,,,,
Phú Yên,Ngh? An,84,120,,,,,,,,,,,,
Qu?ng Nam,Ngh? An,78,114,,,,,,,,,,,,
Qu?ng Ngãi,Ngh? An,78,114,,,,,,,,,,,,
Qu?ng Ninh,Ngh? An,78,114,,,,,,,,,,,,
Qu?ng Tr?,Ngh? An,78,114,,,,,,,,,,,,
Sóc Tr?ng,Ngh? An,90,126,,,,,,,,,,,,
S?n La,Ngh? An,84,120,,,,,,,,,,,,
Tây Ninh,Ngh? An,84,120,,,,,,,,,,,,
Thái Nguyên,Ngh? An,72,108,,,,,,,,,,,,
Th?a Thiên Hu?,Ngh? An,78,114,,,,,,,,,,,,
Ti?n Giang,Ngh? An,84,120,,,,,,,,,,,,
Trà Vinh,Ngh? An,90,126,,,,,,,,,,,,
Tuyên Quang,Ngh? An,72,108,,,,,,,,,,,,
V?nh Long,Ngh? An,90,126,,,,,,,,,,,,
V?nh Phúc,Ngh? An,72,108,,,,,,,,,,,,
Yên Bái,Ngh? An,78,114,,,,,,,,,,,,
Hà Nam,Ngh? An,72,108,,,,,,,,,,,,
H?ng Yên,Ngh? An,72,108,,,,,,,,,,,,
Nam ??nh,Ngh? An,72,108,,,,,,,,,,,,
Ninh Bình,Ngh? An,66,102,,,,,,,,,,,,
Qu?ng Bình,Ngh? An,84,120,,,,,,,,,,,,
Thái Bình,Ngh? An,72,108,,,,,,,,,,,,
Thanh Hóa,Ngh? An,66,102,,,,,,,,,,,,
Hà Nam,Ninh Bình,54,108,,,,,,,,,,,,
Hà N?i,Ninh Bình,54,108,,,,,,,,,,,,
H?ng Yên,Ninh Bình,54,108,,,,,,,,,,,,
Nam ??nh,Ninh Bình,54,108,,,,,,,,,,,,
Thái Bình,Ninh Bình,54,108,,,,,,,,,,,,
Thanh Hóa,Ninh Bình,48,102,,,,,,,,,,,,
An Giang,Ninh Bình,84,126,,,,,,,,,,,,
Bà R?a - V?ng Tàu,Ninh Bình,84,126,,,,,,,,,,,,
B?c Liêu,Ninh Bình,90,132,,,,,,,,,,,,
B?n Tre,Ninh Bình,84,126,,,,,,,,,,,,
Bình ??nh,Ninh Bình,84,126,,,,,,,,,,,,
Bình D??ng,Ninh Bình,84,126,,,,,,,,,,,,
Bình Ph??c,Ninh Bình,84,126,,,,,,,,,,,,
Bình Thu?n,Ninh Bình,84,126,,,,,,,,,,,,
Cà Mau,Ninh Bình,90,132,,,,,,,,,,,,
C?n Th?,Ninh Bình,84,126,,,,,,,,,,,,
Cao B?ng,Ninh Bình,60,102,,,,,,,,,,,,
?à N?ng,Ninh Bình,72,114,,,,,,,,,,,,
??k L?k,Ninh Bình,84,126,,,,,,,,,,,,
??k Nông,Ninh Bình,84,126,,,,,,,,,,,,
?i?n Biên,Ninh Bình,78,120,,,,,,,,,,,,
??ng Nai,Ninh Bình,84,126,,,,,,,,,,,,
??ng Tháp,Ninh Bình,84,126,,,,,,,,,,,,
Gia Lai,Ninh Bình,84,126,,,,,,,,,,,,
Hà Giang,Ninh Bình,84,126,,,,,,,,,,,,
H?u Giang,Ninh Bình,84,126,,,,,,,,,,,,
TP. H? Chí Minh,Ninh Bình,72,114,,,,,,,,,,,,
Khánh Hòa,Ninh Bình,84,126,,,,,,,,,,,,
Kiên Giang,Ninh Bình,84,126,,,,,,,,,,,,
Kon Tum,Ninh Bình,84,126,,,,,,,,,,,,
Lai Châu,Ninh Bình,84,126,,,,,,,,,,,,
Lâm ??ng,Ninh Bình,84,126,,,,,,,,,,,,
Lào Cai,Ninh Bình,78,120,,,,,,,,,,,,
Long An,Ninh Bình,84,126,,,,,,,,,,,,
Ninh Thu?n,Ninh Bình,84,126,,,,,,,,,,,,
Phú Yên,Ninh Bình,84,126,,,,,,,,,,,,
Qu?ng Bình,Ninh Bình,78,120,,,,,,,,,,,,
Qu?ng Nam,Ninh Bình,78,120,,,,,,,,,,,,
Ngh? An,Ngh? An,24,72,,,,,,,,,,,,
Qu?ng Ngãi,Ninh Bình,78,120,,,,,,,,,,,,
Qu?ng Tr?,Ninh Bình,78,120,,,,,,,,,,,,
Sóc Tr?ng,Ninh Bình,90,132,,,,,,,,,,,,
S?n La,Ninh Bình,78,120,,,,,,,,,,,,
Tây Ninh,Ninh Bình,84,126,,,,,,,,,,,,
Th?a Thiên Hu?,Ninh Bình,78,120,,,,,,,,,,,,
Ti?n Giang,Ninh Bình,84,126,,,,,,,,,,,,
Trà Vinh,Ninh Bình,84,126,,,,,,,,,,,,
V?nh Long,Ninh Bình,84,126,,,,,,,,,,,,
B?c Giang,Ninh Bình,66,108,,,,,,,,,,,,
B?c K?n,Ninh Bình,66,108,,,,,,,,,,,,
B?c Ninh,Ninh Bình,66,108,,,,,,,,,,,,
Hà T?nh,Ninh Bình,78,120,,,,,,,,,,,,
H?i D??ng,Ninh Bình,66,108,,,,,,,,,,,,
H?i Phòng,Ninh Bình,66,108,,,,,,,,,,,,
Hòa Bình,Ninh Bình,66,108,,,,,,,,,,,,
L?ng S?n,Ninh Bình,66,108,,,,,,,,,,,,
Ngh? An,Ninh Bình,66,108,,,,,,,,,,,,
Phú Th?,Ninh Bình,66,108,,,,,,,,,,,,
Qu?ng Ninh,Ninh Bình,72,114,,,,,,,,,,,,
Thái Nguyên,Ninh Bình,66,108,,,,,,,,,,,,
Tuyên Quang,Ninh Bình,66,108,,,,,,,,,,,,
V?nh Phúc,Ninh Bình,66,108,,,,,,,,,,,,
Yên Bái,Ninh Bình,78,120,,,,,,,,,,,,
Khánh Hòa,Ninh Thu?n,72,120,,,,,,,,,,,,
An Giang,Ninh Thu?n,72,108,,,,,,,,,,,,
Bà R?a - V?ng Tàu,Ninh Thu?n,84,120,,,,,,,,,,,,
B?c Giang,Ninh Thu?n,84,120,,,,,,,,,,,,
B?c K?n,Ninh Thu?n,84,120,,,,,,,,,,,,
B?c Liêu,Ninh Thu?n,72,108,,,,,,,,,,,,
B?c Ninh,Ninh Thu?n,84,120,,,,,,,,,,,,
B?n Tre,Ninh Thu?n,84,120,,,,,,,,,,,,
Bình ??nh,Ninh Thu?n,78,114,,,,,,,,,,,,
Bình D??ng,Ninh Thu?n,84,120,,,,,,,,,,,,
Bình Ph??c,Ninh Thu?n,84,120,,,,,,,,,,,,
Cà Mau,Ninh Thu?n,72,108,,,,,,,,,,,,
C?n Th?,Ninh Thu?n,72,108,,,,,,,,,,,,
Cao B?ng,Ninh Thu?n,84,120,,,,,,,,,,,,
?à N?ng,Ninh Thu?n,78,114,,,,,,,,,,,,
??k L?k,Ninh Thu?n,84,120,,,,,,,,,,,,
??k Nông,Ninh Thu?n,84,120,,,,,,,,,,,,
?i?n Biên,Ninh Thu?n,84,120,,,,,,,,,,,,
??ng Nai,Ninh Thu?n,84,120,,,,,,,,,,,,
??ng Tháp,Ninh Thu?n,72,108,,,,,,,,,,,,
Gia Lai,Ninh Thu?n,84,120,,,,,,,,,,,,
Hà Giang,Ninh Thu?n,84,120,,,,,,,,,,,,
Hà Nam,Ninh Thu?n,84,120,,,,,,,,,,,,
Hà N?i,Ninh Thu?n,84,120,,,,,,,,,,,,
Hà T?nh,Ninh Thu?n,84,120,,,,,,,,,,,,
H?i D??ng,Ninh Thu?n,84,120,,,,,,,,,,,,
H?i Phòng,Ninh Thu?n,84,120,,,,,,,,,,,,
H?u Giang,Ninh Thu?n,72,108,,,,,,,,,,,,
TP. H? Chí Minh,Ninh Thu?n,72,108,,,,,,,,,,,,
Hòa Bình,Ninh Thu?n,84,120,,,,,,,,,,,,
H?ng Yên,Ninh Thu?n,84,120,,,,,,,,,,,,
Kiên Giang,Ninh Thu?n,72,108,,,,,,,,,,,,
Kon Tum,Ninh Thu?n,84,120,,,,,,,,,,,,
Lai Châu,Ninh Thu?n,84,120,,,,,,,,,,,,
Lâm ??ng,Ninh Thu?n,78,114,,,,,,,,,,,,
L?ng S?n,Ninh Thu?n,84,120,,,,,,,,,,,,
Lào Cai,Ninh Thu?n,84,120,,,,,,,,,,,,
Long An,Ninh Thu?n,84,120,,,,,,,,,,,,
Nam ??nh,Ninh Thu?n,84,120,,,,,,,,,,,,
Ninh Bình,Ninh Bình,24,78,,,,,,,,,,,,
Ngh? An,Ninh Thu?n,84,120,,,,,,,,,,,,
Ninh Bình,Ninh Thu?n,84,120,,,,,,,,,,,,
Phú Th?,Ninh Thu?n,84,120,,,,,,,,,,,,
Qu?ng Bình,Ninh Thu?n,84,120,,,,,,,,,,,,
Qu?ng Nam,Ninh Thu?n,78,114,,,,,,,,,,,,
Qu?ng Ngãi,Ninh Thu?n,78,114,,,,,,,,,,,,
Qu?ng Ninh,Ninh Thu?n,84,120,,,,,,,,,,,,
Qu?ng Tr?,Ninh Thu?n,78,114,,,,,,,,,,,,
Sóc Tr?ng,Ninh Thu?n,72,108,,,,,,,,,,,,
S?n La,Ninh Thu?n,84,120,,,,,,,,,,,,
Tây Ninh,Ninh Thu?n,84,120,,,,,,,,,,,,
Thái Bình,Ninh Thu?n,84,120,,,,,,,,,,,,
Thái Nguyên,Ninh Thu?n,84,120,,,,,,,,,,,,
Thanh Hóa,Ninh Thu?n,84,120,,,,,,,,,,,,
Th?a Thiên Hu?,Ninh Thu?n,78,114,,,,,,,,,,,,
Ti?n Giang,Ninh Thu?n,84,120,,,,,,,,,,,,
Trà Vinh,Ninh Thu?n,72,108,,,,,,,,,,,,
Tuyên Quang,Ninh Thu?n,84,120,,,,,,,,,,,,
V?nh Long,Ninh Thu?n,72,108,,,,,,,,,,,,
V?nh Phúc,Ninh Thu?n,84,120,,,,,,,,,,,,
Yên Bái,Ninh Thu?n,84,120,,,,,,,,,,,,
Bình Thu?n,Ninh Thu?n,66,102,,,,,,,,,,,,
Phú Yên,Ninh Thu?n,78,114,,,,,,,,,,,,
Hà N?i,Phú Th?,54,102,,,,,,,,,,,,
Hòa Bình,Phú Th?,54,102,,,,,,,,,,,,
Tuyên Quang,Phú Th?,54,102,,,,,,,,,,,,
V?nh Phúc,Phú Th?,54,102,,,,,,,,,,,,
Yên Bái,Phú Th?,66,114,,,,,,,,,,,,
An Giang,Phú Th?,84,120,,,,,,,,,,,,
Bà R?a - V?ng Tàu,Phú Th?,84,120,,,,,,,,,,,,
B?c Liêu,Phú Th?,90,126,,,,,,,,,,,,
B?n Tre,Phú Th?,84,120,,,,,,,,,,,,
Bình ??nh,Phú Th?,84,120,,,,,,,,,,,,
Bình D??ng,Phú Th?,84,120,,,,,,,,,,,,
Bình Ph??c,Phú Th?,84,120,,,,,,,,,,,,
Bình Thu?n,Phú Th?,84,120,,,,,,,,,,,,
Cà Mau,Phú Th?,90,126,,,,,,,,,,,,
C?n Th?,Phú Th?,84,120,,,,,,,,,,,,
Cao B?ng,Phú Th?,66,102,,,,,,,,,,,,
?à N?ng,Phú Th?,72,108,,,,,,,,,,,,
??k L?k,Phú Th?,84,120,,,,,,,,,,,,
??k Nông,Phú Th?,84,120,,,,,,,,,,,,
?i?n Biên,Phú Th?,78,114,,,,,,,,,,,,
??ng Nai,Phú Th?,84,120,,,,,,,,,,,,
??ng Tháp,Phú Th?,84,120,,,,,,,,,,,,
Gia Lai,Phú Th?,84,120,,,,,,,,,,,,
Hà T?nh,Phú Th?,78,114,,,,,,,,,,,,
H?u Giang,Phú Th?,84,120,,,,,,,,,,,,
TP. H? Chí Minh,Phú Th?,72,108,,,,,,,,,,,,
Khánh Hòa,Phú Th?,84,120,,,,,,,,,,,,
Kiên Giang,Phú Th?,84,120,,,,,,,,,,,,
Kon Tum,Phú Th?,84,120,,,,,,,,,,,,
Lai Châu,Phú Th?,84,120,,,,,,,,,,,,
Lâm ??ng,Phú Th?,84,120,,,,,,,,,,,,
Long An,Phú Th?,84,120,,,,,,,,,,,,
Ngh? An,Phú Th?,66,102,,,,,,,,,,,,
Ninh Thu?n,Phú Th?,84,120,,,,,,,,,,,,
Phú Yên,Phú Th?,84,120,,,,,,,,,,,,
Qu?ng Bình,Phú Th?,78,114,,,,,,,,,,,,
Qu?ng Nam,Phú Th?,78,114,,,,,,,,,,,,
Qu?ng Ngãi,Phú Th?,78,114,,,,,,,,,,,,
Qu?ng Tr?,Phú Th?,78,114,,,,,,,,,,,,
Sóc Tr?ng,Phú Th?,90,126,,,,,,,,,,,,
Ninh Thu?n,Ninh Thu?n,24,72,,,,,,,,,,,,
Tây Ninh,Phú Th?,84,120,,,,,,,,,,,,
Th?a Thiên Hu?,Phú Th?,78,114,,,,,,,,,,,,
Ti?n Giang,Phú Th?,84,120,,,,,,,,,,,,
Trà Vinh,Phú Th?,84,120,,,,,,,,,,,,
V?nh Long,Phú Th?,84,120,,,,,,,,,,,,
B?c Giang,Phú Th?,66,102,,,,,,,,,,,,
B?c K?n,Phú Th?,66,102,,,,,,,,,,,,
B?c Ninh,Phú Th?,66,102,,,,,,,,,,,,
Hà Giang,Phú Th?,84,120,,,,,,,,,,,,
Hà Nam,Phú Th?,66,102,,,,,,,,,,,,
H?i D??ng,Phú Th?,66,102,,,,,,,,,,,,
H?i Phòng,Phú Th?,66,102,,,,,,,,,,,,
H?ng Yên,Phú Th?,66,102,,,,,,,,,,,,
L?ng S?n,Phú Th?,66,102,,,,,,,,,,,,
Lào Cai,Phú Th?,78,114,,,,,,,,,,,,
Nam ??nh,Phú Th?,66,102,,,,,,,,,,,,
Ninh Bình,Phú Th?,66,102,,,,,,,,,,,,
Qu?ng Ninh,Phú Th?,72,108,,,,,,,,,,,,
S?n La,Phú Th?,78,114,,,,,,,,,,,,
Thái Bình,Phú Th?,66,102,,,,,,,,,,,,
Thái Nguyên,Phú Th?,66,102,,,,,,,,,,,,
Thanh Hóa,Phú Th?,66,102,,,,,,,,,,,,
Bình ??nh,Phú Yên,66,114,,,,,,,,,,,,
An Giang,Phú Yên,90,126,,,,,,,,,,,,
Bà R?a - V?ng Tàu,Phú Yên,84,120,,,,,,,,,,,,
B?c Giang,Phú Yên,84,120,,,,,,,,,,,,
B?c K?n,Phú Yên,84,120,,,,,,,,,,,,
B?c Liêu,Phú Yên,90,126,,,,,,,,,,,,
B?c Ninh,Phú Yên,78,114,,,,,,,,,,,,
B?n Tre,Phú Yên,84,120,,,,,,,,,,,,
Bình D??ng,Phú Yên,84,120,,,,,,,,,,,,
Bình Ph??c,Phú Yên,84,120,,,,,,,,,,,,
Bình Thu?n,Phú Yên,78,114,,,,,,,,,,,,
Cà Mau,Phú Yên,90,126,,,,,,,,,,,,
C?n Th?,Phú Yên,90,126,,,,,,,,,,,,
Cao B?ng,Phú Yên,84,120,,,,,,,,,,,,
?à N?ng,Phú Yên,78,114,,,,,,,,,,,,
??k L?k,Phú Yên,84,120,,,,,,,,,,,,
??k Nông,Phú Yên,84,120,,,,,,,,,,,,
?i?n Biên,Phú Yên,84,120,,,,,,,,,,,,
??ng Nai,Phú Yên,84,120,,,,,,,,,,,,
??ng Tháp,Phú Yên,90,126,,,,,,,,,,,,
Gia Lai,Phú Yên,84,120,,,,,,,,,,,,
Hà Giang,Phú Yên,84,120,,,,,,,,,,,,
Hà Nam,Phú Yên,78,114,,,,,,,,,,,,
Hà N?i,Phú Yên,84,120,,,,,,,,,,,,
Hà T?nh,Phú Yên,84,120,,,,,,,,,,,,
H?i D??ng,Phú Yên,78,114,,,,,,,,,,,,
H?i Phòng,Phú Yên,78,114,,,,,,,,,,,,
H?u Giang,Phú Yên,90,126,,,,,,,,,,,,
TP. H? Chí Minh,Phú Yên,84,120,,,,,,,,,,,,
Hòa Bình,Phú Yên,78,114,,,,,,,,,,,,
H?ng Yên,Phú Yên,78,114,,,,,,,,,,,,
Kiên Giang,Phú Yên,90,126,,,,,,,,,,,,
Kon Tum,Phú Yên,84,120,,,,,,,,,,,,
Lai Châu,Phú Yên,84,120,,,,,,,,,,,,
Lâm ??ng,Phú Yên,84,120,,,,,,,,,,,,
L?ng S?n,Phú Yên,84,120,,,,,,,,,,,,
Lào Cai,Phú Yên,84,120,,,,,,,,,,,,
Long An,Phú Yên,84,120,,,,,,,,,,,,
Nam ??nh,Phú Yên,78,114,,,,,,,,,,,,
Ngh? An,Phú Yên,78,114,,,,,,,,,,,,
Ninh Bình,Phú Yên,78,114,,,,,,,,,,,,
Phú Th?,Phú Th?,24,72,,,,,,,,,,,,
Phú Th?,Phú Yên,84,120,,,,,,,,,,,,
Qu?ng Bình,Phú Yên,84,120,,,,,,,,,,,,
Qu?ng Nam,Phú Yên,78,114,,,,,,,,,,,,
Qu?ng Ninh,Phú Yên,78,114,,,,,,,,,,,,
Qu?ng Tr?,Phú Yên,78,114,,,,,,,,,,,,
Sóc Tr?ng,Phú Yên,90,126,,,,,,,,,,,,
S?n La,Phú Yên,78,114,,,,,,,,,,,,
Tây Ninh,Phú Yên,84,120,,,,,,,,,,,,
Thái Bình,Phú Yên,78,114,,,,,,,,,,,,
Thái Nguyên,Phú Yên,78,114,,,,,,,,,,,,
Thanh Hóa,Phú Yên,78,114,,,,,,,,,,,,
Th?a Thiên Hu?,Phú Yên,78,114,,,,,,,,,,,,
Ti?n Giang,Phú Yên,84,120,,,,,,,,,,,,
Trà Vinh,Phú Yên,90,126,,,,,,,,,,,,
Tuyên Quang,Phú Yên,84,120,,,,,,,,,,,,
V?nh Long,Phú Yên,90,126,,,,,,,,,,,,
V?nh Phúc,Phú Yên,84,120,,,,,,,,,,,,
Yên Bái,Phú Yên,84,120,,,,,,,,,,,,
Khánh Hòa,Phú Yên,60,96,,,,,,,,,,,,
Ninh Thu?n,Phú Yên,84,120,,,,,,,,,,,,
Qu?ng Ngãi,Phú Yên,78,114,,,,,,,,,,,,
An Giang,Qu?ng Bình,90,132,,,,,,,,,,,,
Bà R?a - V?ng Tàu,Qu?ng Bình,84,126,,,,,,,,,,,,
B?c Giang,Qu?ng Bình,84,126,,,,,,,,,,,,
B?c K?n,Qu?ng Bình,84,126,,,,,,,,,,,,
B?c Liêu,Qu?ng Bình,90,132,,,,,,,,,,,,
B?c Ninh,Qu?ng Bình,84,126,,,,,,,,,,,,
B?n Tre,Qu?ng Bình,84,126,,,,,,,,,,,,
Bình ??nh,Qu?ng Bình,78,120,,,,,,,,,,,,
Bình D??ng,Qu?ng Bình,84,126,,,,,,,,,,,,
Bình Ph??c,Qu?ng Bình,84,126,,,,,,,,,,,,
Bình Thu?n,Qu?ng Bình,84,126,,,,,,,,,,,,
Cà Mau,Qu?ng Bình,90,132,,,,,,,,,,,,
C?n Th?,Qu?ng Bình,90,132,,,,,,,,,,,,
Cao B?ng,Qu?ng Bình,84,126,,,,,,,,,,,,
??k L?k,Qu?ng Bình,84,126,,,,,,,,,,,,
??k Nông,Qu?ng Bình,84,126,,,,,,,,,,,,
?i?n Biên,Qu?ng Bình,84,126,,,,,,,,,,,,
??ng Nai,Qu?ng Bình,84,126,,,,,,,,,,,,
??ng Tháp,Qu?ng Bình,90,132,,,,,,,,,,,,
Gia Lai,Qu?ng Bình,84,126,,,,,,,,,,,,
Hà Giang,Qu?ng Bình,84,126,,,,,,,,,,,,
Hà Nam,Qu?ng Bình,84,126,,,,,,,,,,,,
Hà N?i,Qu?ng Bình,78,120,,,,,,,,,,,,
H?i D??ng,Qu?ng Bình,84,126,,,,,,,,,,,,
H?i Phòng,Qu?ng Bình,84,126,,,,,,,,,,,,
H?u Giang,Qu?ng Bình,90,132,,,,,,,,,,,,
TP. H? Chí Minh,Qu?ng Bình,84,126,,,,,,,,,,,,
Hòa Bình,Qu?ng Bình,84,126,,,,,,,,,,,,
H?ng Yên,Qu?ng Bình,84,126,,,,,,,,,,,,
Khánh Hòa,Qu?ng Bình,84,126,,,,,,,,,,,,
Kiên Giang,Qu?ng Bình,90,132,,,,,,,,,,,,
Kon Tum,Qu?ng Bình,84,126,,,,,,,,,,,,
Lai Châu,Qu?ng Bình,84,126,,,,,,,,,,,,
Lâm ??ng,Qu?ng Bình,84,126,,,,,,,,,,,,
L?ng S?n,Qu?ng Bình,84,126,,,,,,,,,,,,
Lào Cai,Qu?ng Bình,84,126,,,,,,,,,,,,
Long An,Qu?ng Bình,84,126,,,,,,,,,,,,
Nam ??nh,Qu?ng Bình,84,126,,,,,,,,,,,,
Ninh Bình,Qu?ng Bình,84,126,,,,,,,,,,,,
Ninh Thu?n,Qu?ng Bình,84,126,,,,,,,,,,,,
Phú Th?,Qu?ng Bình,84,126,,,,,,,,,,,,
Phú Yên,Qu?ng Bình,84,126,,,,,,,,,,,,
Phú Yên,Phú Yên,24,72,,,,,,,,,,,,
Qu?ng Nam,Qu?ng Bình,78,120,,,,,,,,,,,,
Qu?ng Ngãi,Qu?ng Bình,84,126,,,,,,,,,,,,
Qu?ng Ninh,Qu?ng Bình,84,126,,,,,,,,,,,,
Sóc Tr?ng,Qu?ng Bình,90,132,,,,,,,,,,,,
S?n La,Qu?ng Bình,84,126,,,,,,,,,,,,
Tây Ninh,Qu?ng Bình,84,126,,,,,,,,,,,,
Thái Bình,Qu?ng Bình,84,126,,,,,,,,,,,,
Thái Nguyên,Qu?ng Bình,84,126,,,,,,,,,,,,
Thanh Hóa,Qu?ng Bình,78,120,,,,,,,,,,,,
Ti?n Giang,Qu?ng Bình,84,126,,,,,,,,,,,,
Trà Vinh,Qu?ng Bình,90,132,,,,,,,,,,,,
Tuyên Quang,Qu?ng Bình,84,126,,,,,,,,,,,,
V?nh Long,Qu?ng Bình,90,132,,,,,,,,,,,,
V?nh Phúc,Qu?ng Bình,84,126,,,,,,,,,,,,
Yên Bái,Qu?ng Bình,84,126,,,,,,,,,,,,
?à N?ng,Qu?ng Bình,66,108,,,,,,,,,,,,
Hà T?nh,Qu?ng Bình,84,126,,,,,,,,,,,,
Ngh? An,Qu?ng Bình,84,126,,,,,,,,,,,,
Qu?ng Tr?,Qu?ng Bình,66,108,,,,,,,,,,,,
Th?a Thiên Hu?,Qu?ng Bình,72,114,,,,,,,,,,,,
?à N?ng,Qu?ng Nam,48,96,,,,,,,,,,,,
Qu?ng Ngãi,Qu?ng Nam,54,102,,,,,,,,,,,,
An Giang,Qu?ng Nam,84,120,,,,,,,,,,,,
Bà R?a - V?ng Tàu,Qu?ng Nam,84,120,,,,,,,,,,,,
B?c Giang,Qu?ng Nam,84,120,,,,,,,,,,,,
B?c K?n,Qu?ng Nam,84,120,,,,,,,,,,,,
B?c Liêu,Qu?ng Nam,90,126,,,,,,,,,,,,
B?c Ninh,Qu?ng Nam,84,120,,,,,,,,,,,,
B?n Tre,Qu?ng Nam,84,120,,,,,,,,,,,,
Bình D??ng,Qu?ng Nam,84,120,,,,,,,,,,,,
Bình Ph??c,Qu?ng Nam,84,120,,,,,,,,,,,,
Bình Thu?n,Qu?ng Nam,72,108,,,,,,,,,,,,
Cà Mau,Qu?ng Nam,90,126,,,,,,,,,,,,
C?n Th?,Qu?ng Nam,84,120,,,,,,,,,,,,
Cao B?ng,Qu?ng Nam,84,120,,,,,,,,,,,,
??k L?k,Qu?ng Nam,84,120,,,,,,,,,,,,
??k Nông,Qu?ng Nam,84,120,,,,,,,,,,,,
?i?n Biên,Qu?ng Nam,84,120,,,,,,,,,,,,
??ng Nai,Qu?ng Nam,84,120,,,,,,,,,,,,
??ng Tháp,Qu?ng Nam,84,120,,,,,,,,,,,,
Gia Lai,Qu?ng Nam,84,120,,,,,,,,,,,,
Hà Giang,Qu?ng Nam,84,120,,,,,,,,,,,,
Hà Nam,Qu?ng Nam,84,120,,,,,,,,,,,,
Hà N?i,Qu?ng Nam,78,114,,,,,,,,,,,,
Hà T?nh,Qu?ng Nam,84,120,,,,,,,,,,,,
H?i D??ng,Qu?ng Nam,84,120,,,,,,,,,,,,
H?i Phòng,Qu?ng Nam,84,120,,,,,,,,,,,,
H?u Giang,Qu?ng Nam,84,120,,,,,,,,,,,,
TP. H? Chí Minh,Qu?ng Nam,78,114,,,,,,,,,,,,
Hòa Bình,Qu?ng Nam,84,120,,,,,,,,,,,,
H?ng Yên,Qu?ng Nam,84,120,,,,,,,,,,,,
Khánh Hòa,Qu?ng Nam,84,120,,,,,,,,,,,,
Kiên Giang,Qu?ng Nam,84,120,,,,,,,,,,,,
Kon Tum,Qu?ng Nam,78,114,,,,,,,,,,,,
Lai Châu,Qu?ng Nam,84,120,,,,,,,,,,,,
Lâm ??ng,Qu?ng Nam,84,120,,,,,,,,,,,,
L?ng S?n,Qu?ng Nam,84,120,,,,,,,,,,,,
Lào Cai,Qu?ng Nam,84,120,,,,,,,,,,,,
Long An,Qu?ng Nam,84,120,,,,,,,,,,,,
Nam ??nh,Qu?ng Nam,84,120,,,,,,,,,,,,
Ngh? An,Qu?ng Nam,84,120,,,,,,,,,,,,
Ninh Bình,Qu?ng Nam,84,120,,,,,,,,,,,,
Ninh Thu?n,Qu?ng Nam,84,120,,,,,,,,,,,,
Qu?ng Bình,Qu?ng Bình,24,78,,,,,,,,,,,,
Phú Th?,Qu?ng Nam,84,120,,,,,,,,,,,,
Phú Yên,Qu?ng Nam,84,120,,,,,,,,,,,,
Qu?ng Bình,Qu?ng Nam,78,114,,,,,,,,,,,,
Qu?ng Ninh,Qu?ng Nam,84,120,,,,,,,,,,,,
Sóc Tr?ng,Qu?ng Nam,90,126,,,,,,,,,,,,
S?n La,Qu?ng Nam,84,120,,,,,,,,,,,,
Tây Ninh,Qu?ng Nam,84,120,,,,,,,,,,,,
Thái Bình,Qu?ng Nam,84,120,,,,,,,,,,,,
Thái Nguyên,Qu?ng Nam,84,120,,,,,,,,,,,,
Thanh Hóa,Qu?ng Nam,84,120,,,,,,,,,,,,
Ti?n Giang,Qu?ng Nam,84,120,,,,,,,,,,,,
Trà Vinh,Qu?ng Nam,84,120,,,,,,,,,,,,
Tuyên Quang,Qu?ng Nam,84,120,,,,,,,,,,,,
V?nh Long,Qu?ng Nam,84,120,,,,,,,,,,,,
V?nh Phúc,Qu?ng Nam,84,120,,,,,,,,,,,,
Yên Bái,Qu?ng Nam,84,120,,,,,,,,,,,,
Bình ??nh,Qu?ng Nam,78,114,,,,,,,,,,,,
Qu?ng Tr?,Qu?ng Nam,66,102,,,,,,,,,,,,
Th?a Thiên Hu?,Qu?ng Nam,66,102,,,,,,,,,,,,
Qu?ng Nam,Qu?ng Ngãi,54,90,,,,,,,,,,,,
An Giang,Qu?ng Ngãi,84,108,,,,,,,,,,,,
Bà R?a - V?ng Tàu,Qu?ng Ngãi,84,108,,,,,,,,,,,,
B?c Giang,Qu?ng Ngãi,84,108,,,,,,,,,,,,
B?c K?n,Qu?ng Ngãi,84,108,,,,,,,,,,,,
B?c Liêu,Qu?ng Ngãi,90,114,,,,,,,,,,,,
B?c Ninh,Qu?ng Ngãi,84,108,,,,,,,,,,,,
B?n Tre,Qu?ng Ngãi,84,108,,,,,,,,,,,,
Bình D??ng,Qu?ng Ngãi,84,108,,,,,,,,,,,,
Bình Ph??c,Qu?ng Ngãi,84,108,,,,,,,,,,,,
Bình Thu?n,Qu?ng Ngãi,72,96,,,,,,,,,,,,
Cà Mau,Qu?ng Ngãi,90,114,,,,,,,,,,,,
C?n Th?,Qu?ng Ngãi,84,108,,,,,,,,,,,,
Cao B?ng,Qu?ng Ngãi,84,108,,,,,,,,,,,,
??k L?k,Qu?ng Ngãi,84,108,,,,,,,,,,,,
??k Nông,Qu?ng Ngãi,84,108,,,,,,,,,,,,
?i?n Biên,Qu?ng Ngãi,84,108,,,,,,,,,,,,
??ng Nai,Qu?ng Ngãi,84,108,,,,,,,,,,,,
??ng Tháp,Qu?ng Ngãi,84,108,,,,,,,,,,,,
Gia Lai,Qu?ng Ngãi,84,108,,,,,,,,,,,,
Hà Giang,Qu?ng Ngãi,84,108,,,,,,,,,,,,
Hà Nam,Qu?ng Ngãi,84,108,,,,,,,,,,,,
Hà N?i,Qu?ng Ngãi,78,102,,,,,,,,,,,,
Hà T?nh,Qu?ng Ngãi,84,108,,,,,,,,,,,,
H?i D??ng,Qu?ng Ngãi,84,108,,,,,,,,,,,,
H?i Phòng,Qu?ng Ngãi,84,108,,,,,,,,,,,,
H?u Giang,Qu?ng Ngãi,84,108,,,,,,,,,,,,
TP. H? Chí Minh,Qu?ng Ngãi,84,108,,,,,,,,,,,,
Hòa Bình,Qu?ng Ngãi,84,108,,,,,,,,,,,,
H?ng Yên,Qu?ng Ngãi,84,108,,,,,,,,,,,,
Khánh Hòa,Qu?ng Ngãi,84,108,,,,,,,,,,,,
Kiên Giang,Qu?ng Ngãi,84,108,,,,,,,,,,,,
Kon Tum,Qu?ng Ngãi,84,108,,,,,,,,,,,,
Lai Châu,Qu?ng Ngãi,84,108,,,,,,,,,,,,
Lâm ??ng,Qu?ng Ngãi,84,108,,,,,,,,,,,,
L?ng S?n,Qu?ng Ngãi,84,108,,,,,,,,,,,,
Lào Cai,Qu?ng Ngãi,84,108,,,,,,,,,,,,
Long An,Qu?ng Ngãi,84,108,,,,,,,,,,,,
Nam ??nh,Qu?ng Ngãi,84,108,,,,,,,,,,,,
Ngh? An,Qu?ng Ngãi,84,108,,,,,,,,,,,,
Ninh Bình,Qu?ng Ngãi,84,108,,,,,,,,,,,,
Ninh Thu?n,Qu?ng Ngãi,84,108,,,,,,,,,,,,
Phú Th?,Qu?ng Ngãi,84,108,,,,,,,,,,,,
Qu?ng Bình,Qu?ng Ngãi,78,102,,,,,,,,,,,,
Qu?ng Nam,Qu?ng Nam,24,72,,,,,,,,,,,,
Qu?ng Ninh,Qu?ng Ngãi,84,108,,,,,,,,,,,,
Qu?ng Tr?,Qu?ng Ngãi,66,90,,,,,,,,,,,,
Sóc Tr?ng,Qu?ng Ngãi,90,114,,,,,,,,,,,,
S?n La,Qu?ng Ngãi,84,108,,,,,,,,,,,,
Tây Ninh,Qu?ng Ngãi,84,108,,,,,,,,,,,,
Thái Bình,Qu?ng Ngãi,84,108,,,,,,,,,,,,
Thái Nguyên,Qu?ng Ngãi,84,108,,,,,,,,,,,,
Thanh Hóa,Qu?ng Ngãi,84,108,,,,,,,,,,,,
Ti?n Giang,Qu?ng Ngãi,84,108,,,,,,,,,,,,
Trà Vinh,Qu?ng Ngãi,84,108,,,,,,,,,,,,
Tuyên Quang,Qu?ng Ngãi,84,108,,,,,,,,,,,,
V?nh Long,Qu?ng Ngãi,84,108,,,,,,,,,,,,
V?nh Phúc,Qu?ng Ngãi,84,108,,,,,,,,,,,,
Yên Bái,Qu?ng Ngãi,84,108,,,,,,,,,,,,
Bình ??nh,Qu?ng Ngãi,78,102,,,,,,,,,,,,
?à N?ng,Qu?ng Ngãi,66,90,,,,,,,,,,,,
Phú Yên,Qu?ng Ngãi,84,108,,,,,,,,,,,,
Th?a Thiên Hu?,Qu?ng Ngãi,72,96,,,,,,,,,,,,
H?i D??ng,Qu?ng Ninh,60,96,,,,,,,,,,,,
H?i Phòng,Qu?ng Ninh,60,96,,,,,,,,,,,,
An Giang,Qu?ng Ninh,90,114,,,,,,,,,,,,
Bà R?a - V?ng Tàu,Qu?ng Ninh,84,108,,,,,,,,,,,,
B?c Liêu,Qu?ng Ninh,90,114,,,,,,,,,,,,
B?n Tre,Qu?ng Ninh,84,108,,,,,,,,,,,,
Bình ??nh,Qu?ng Ninh,84,108,,,,,,,,,,,,
Bình D??ng,Qu?ng Ninh,84,108,,,,,,,,,,,,
Bình Ph??c,Qu?ng Ninh,84,108,,,,,,,,,,,,
Bình Thu?n,Qu?ng Ninh,84,108,,,,,,,,,,,,
Cà Mau,Qu?ng Ninh,90,114,,,,,,,,,,,,
C?n Th?,Qu?ng Ninh,90,114,,,,,,,,,,,,
?à N?ng,Qu?ng Ninh,72,96,,,,,,,,,,,,
??k L?k,Qu?ng Ninh,84,108,,,,,,,,,,,,
??k Nông,Qu?ng Ninh,84,108,,,,,,,,,,,,
?i?n Biên,Qu?ng Ninh,84,108,,,,,,,,,,,,
??ng Nai,Qu?ng Ninh,84,108,,,,,,,,,,,,
??ng Tháp,Qu?ng Ninh,90,114,,,,,,,,,,,,
Gia Lai,Qu?ng Ninh,84,108,,,,,,,,,,,,
Hà Giang,Qu?ng Ninh,84,108,,,,,,,,,,,,
Hà T?nh,Qu?ng Ninh,84,108,,,,,,,,,,,,
H?u Giang,Qu?ng Ninh,90,114,,,,,,,,,,,,
TP. H? Chí Minh,Qu?ng Ninh,72,96,,,,,,,,,,,,
Khánh Hòa,Qu?ng Ninh,84,108,,,,,,,,,,,,
Kiên Giang,Qu?ng Ninh,90,114,,,,,,,,,,,,
Kon Tum,Qu?ng Ninh,84,108,,,,,,,,,,,,
Lai Châu,Qu?ng Ninh,84,108,,,,,,,,,,,,
Lâm ??ng,Qu?ng Ninh,84,108,,,,,,,,,,,,
Lào Cai,Qu?ng Ninh,84,108,,,,,,,,,,,,
Long An,Qu?ng Ninh,84,108,,,,,,,,,,,,
Ngh? An,Qu?ng Ninh,78,102,,,,,,,,,,,,
Ninh Thu?n,Qu?ng Ninh,84,108,,,,,,,,,,,,
Phú Yên,Qu?ng Ninh,84,108,,,,,,,,,,,,
Qu?ng Bình,Qu?ng Ninh,84,108,,,,,,,,,,,,
Qu?ng Nam,Qu?ng Ninh,78,102,,,,,,,,,,,,
Qu?ng Ngãi,Qu?ng Ninh,78,102,,,,,,,,,,,,
Qu?ng Tr?,Qu?ng Ninh,78,102,,,,,,,,,,,,
Sóc Tr?ng,Qu?ng Ninh,90,114,,,,,,,,,,,,
S?n La,Qu?ng Ninh,84,108,,,,,,,,,,,,
Tây Ninh,Qu?ng Ninh,84,108,,,,,,,,,,,,
Th?a Thiên Hu?,Qu?ng Ninh,78,102,,,,,,,,,,,,
Ti?n Giang,Qu?ng Ninh,84,108,,,,,,,,,,,,
Trà Vinh,Qu?ng Ninh,90,114,,,,,,,,,,,,
V?nh Long,Qu?ng Ninh,90,114,,,,,,,,,,,,
B?c Giang,Qu?ng Ninh,72,96,,,,,,,,,,,,
Qu?ng Ngãi,Qu?ng Ngãi,24,72,,,,,,,,,,,,
B?c K?n,Qu?ng Ninh,72,96,,,,,,,,,,,,
B?c Ninh,Qu?ng Ninh,72,96,,,,,,,,,,,,
Cao B?ng,Qu?ng Ninh,72,96,,,,,,,,,,,,
Hà Nam,Qu?ng Ninh,72,96,,,,,,,,,,,,
Hà N?i,Qu?ng Ninh,72,96,,,,,,,,,,,,
Hòa Bình,Qu?ng Ninh,72,96,,,,,,,,,,,,
H?ng Yên,Qu?ng Ninh,72,96,,,,,,,,,,,,
L?ng S?n,Qu?ng Ninh,72,96,,,,,,,,,,,,
Nam ??nh,Qu?ng Ninh,72,96,,,,,,,,,,,,
Ninh Bình,Qu?ng Ninh,72,96,,,,,,,,,,,,
Phú Th?,Qu?ng Ninh,72,96,,,,,,,,,,,,
Thái Bình,Qu?ng Ninh,72,96,,,,,,,,,,,,
Thái Nguyên,Qu?ng Ninh,72,96,,,,,,,,,,,,
Thanh Hóa,Qu?ng Ninh,72,96,,,,,,,,,,,,
Tuyên Quang,Qu?ng Ninh,72,96,,,,,,,,,,,,
V?nh Phúc,Qu?ng Ninh,72,96,,,,,,,,,,,,
Yên Bái,Qu?ng Ninh,84,108,,,,,,,,,,,,
Th?a Thiên Hu?,Qu?ng Tr?,54,102,,,,,,,,,,,,
An Giang,Qu?ng Tr?,84,120,,,,,,,,,,,,
Bà R?a - V?ng Tàu,Qu?ng Tr?,84,120,,,,,,,,,,,,
B?c Giang,Qu?ng Tr?,84,120,,,,,,,,,,,,
B?c K?n,Qu?ng Tr?,84,120,,,,,,,,,,,,
B?c Liêu,Qu?ng Tr?,90,126,,,,,,,,,,,,
B?c Ninh,Qu?ng Tr?,84,120,,,,,,,,,,,,
B?n Tre,Qu?ng Tr?,84,120,,,,,,,,,,,,
Bình ??nh,Qu?ng Tr?,78,114,,,,,,,,,,,,
Bình D??ng,Qu?ng Tr?,84,120,,,,,,,,,,,,
Bình Ph??c,Qu?ng Tr?,84,120,,,,,,,,,,,,
Bình Thu?n,Qu?ng Tr?,78,114,,,,,,,,,,,,
Cà Mau,Qu?ng Tr?,90,126,,,,,,,,,,,,
C?n Th?,Qu?ng Tr?,84,120,,,,,,,,,,,,
Cao B?ng,Qu?ng Tr?,84,120,,,,,,,,,,,,
??k L?k,Qu?ng Tr?,84,120,,,,,,,,,,,,
??k Nông,Qu?ng Tr?,84,120,,,,,,,,,,,,
?i?n Biên,Qu?ng Tr?,84,120,,,,,,,,,,,,
??ng Nai,Qu?ng Tr?,84,120,,,,,,,,,,,,
??ng Tháp,Qu?ng Tr?,84,120,,,,,,,,,,,,
Gia Lai,Qu?ng Tr?,84,120,,,,,,,,,,,,
Hà Giang,Qu?ng Tr?,84,120,,,,,,,,,,,,
Hà Nam,Qu?ng Tr?,84,120,,,,,,,,,,,,
Hà N?i,Qu?ng Tr?,78,114,,,,,,,,,,,,
H?i D??ng,Qu?ng Tr?,84,120,,,,,,,,,,,,
H?i Phòng,Qu?ng Tr?,84,120,,,,,,,,,,,,
H?u Giang,Qu?ng Tr?,84,120,,,,,,,,,,,,
TP. H? Chí Minh,Qu?ng Tr?,78,114,,,,,,,,,,,,
Hòa Bình,Qu?ng Tr?,84,120,,,,,,,,,,,,
H?ng Yên,Qu?ng Tr?,84,120,,,,,,,,,,,,
Khánh Hòa,Qu?ng Tr?,84,120,,,,,,,,,,,,
Kiên Giang,Qu?ng Tr?,84,120,,,,,,,,,,,,
Kon Tum,Qu?ng Tr?,78,114,,,,,,,,,,,,
Lai Châu,Qu?ng Tr?,84,120,,,,,,,,,,,,
Lâm ??ng,Qu?ng Tr?,84,120,,,,,,,,,,,,
L?ng S?n,Qu?ng Tr?,84,120,,,,,,,,,,,,
Lào Cai,Qu?ng Tr?,84,120,,,,,,,,,,,,
Long An,Qu?ng Tr?,84,120,,,,,,,,,,,,
Nam ??nh,Qu?ng Tr?,84,120,,,,,,,,,,,,
Ngh? An,Qu?ng Tr?,84,120,,,,,,,,,,,,
Ninh Bình,Qu?ng Tr?,84,120,,,,,,,,,,,,
Ninh Thu?n,Qu?ng Tr?,84,120,,,,,,,,,,,,
Phú Th?,Qu?ng Tr?,84,120,,,,,,,,,,,,
Phú Yên,Qu?ng Tr?,84,120,,,,,,,,,,,,
Qu?ng Ngãi,Qu?ng Tr?,72,108,,,,,,,,,,,,
Qu?ng Ninh,Qu?ng Tr?,84,120,,,,,,,,,,,,
Qu?ng Ninh,Qu?ng Ninh,24,72,,,,,,,,,,,,
Sóc Tr?ng,Qu?ng Tr?,90,126,,,,,,,,,,,,
S?n La,Qu?ng Tr?,84,120,,,,,,,,,,,,
Tây Ninh,Qu?ng Tr?,84,120,,,,,,,,,,,,
Thái Bình,Qu?ng Tr?,84,120,,,,,,,,,,,,
Thái Nguyên,Qu?ng Tr?,84,120,,,,,,,,,,,,
Thanh Hóa,Qu?ng Tr?,84,120,,,,,,,,,,,,
Ti?n Giang,Qu?ng Tr?,84,120,,,,,,,,,,,,
Trà Vinh,Qu?ng Tr?,84,120,,,,,,,,,,,,
Tuyên Quang,Qu?ng Tr?,84,120,,,,,,,,,,,,
V?nh Long,Qu?ng Tr?,84,120,,,,,,,,,,,,
V?nh Phúc,Qu?ng Tr?,84,120,,,,,,,,,,,,
Yên Bái,Qu?ng Tr?,84,120,,,,,,,,,,,,
?à N?ng,Qu?ng Tr?,66,102,,,,,,,,,,,,
Hà T?nh,Qu?ng Tr?,84,120,,,,,,,,,,,,
Qu?ng Bình,Qu?ng Tr?,78,114,,,,,,,,,,,,
Qu?ng Nam,Qu?ng Tr?,72,108,,,,,,,,,,,,
B?c Liêu,Sóc Tr?ng,54,102,,,,,,,,,,,,
C?n Th?,Sóc Tr?ng,54,102,,,,,,,,,,,,
H?u Giang,Sóc Tr?ng,54,102,,,,,,,,,,,,
Trà Vinh,Sóc Tr?ng,54,102,,,,,,,,,,,,
V?nh Long,Sóc Tr?ng,54,102,,,,,,,,,,,,
Bà R?a - V?ng Tàu,Sóc Tr?ng,66,102,,,,,,,,,,,,
B?c Giang,Sóc Tr?ng,84,120,,,,,,,,,,,,
B?c K?n,Sóc Tr?ng,84,120,,,,,,,,,,,,
B?c Ninh,Sóc Tr?ng,78,114,,,,,,,,,,,,
Bình ??nh,Sóc Tr?ng,84,120,,,,,,,,,,,,
Bình Ph??c,Sóc Tr?ng,78,114,,,,,,,,,,,,
Bình Thu?n,Sóc Tr?ng,84,120,,,,,,,,,,,,
Cao B?ng,Sóc Tr?ng,84,120,,,,,,,,,,,,
?à N?ng,Sóc Tr?ng,84,120,,,,,,,,,,,,
??k L?k,Sóc Tr?ng,84,120,,,,,,,,,,,,
??k Nông,Sóc Tr?ng,66,102,,,,,,,,,,,,
?i?n Biên,Sóc Tr?ng,84,120,,,,,,,,,,,,
??ng Nai,Sóc Tr?ng,66,102,,,,,,,,,,,,
Gia Lai,Sóc Tr?ng,78,114,,,,,,,,,,,,
Hà Giang,Sóc Tr?ng,84,120,,,,,,,,,,,,
Hà Nam,Sóc Tr?ng,78,114,,,,,,,,,,,,
Hà N?i,Sóc Tr?ng,84,120,,,,,,,,,,,,
Hà T?nh,Sóc Tr?ng,84,120,,,,,,,,,,,,
H?i Phòng,Sóc Tr?ng,78,114,,,,,,,,,,,,
TP. H? Chí Minh,Sóc Tr?ng,66,102,,,,,,,,,,,,
Hòa Bình,Sóc Tr?ng,78,114,,,,,,,,,,,,
H?ng Yên,Sóc Tr?ng,78,114,,,,,,,,,,,,
Khánh Hòa,Sóc Tr?ng,78,114,,,,,,,,,,,,
Kon Tum,Sóc Tr?ng,84,120,,,,,,,,,,,,
Lai Châu,Sóc Tr?ng,84,120,,,,,,,,,,,,
Lâm ??ng,Sóc Tr?ng,78,114,,,,,,,,,,,,
L?ng S?n,Sóc Tr?ng,84,120,,,,,,,,,,,,
Lào Cai,Sóc Tr?ng,84,120,,,,,,,,,,,,
Nam ??nh,Sóc Tr?ng,78,114,,,,,,,,,,,,
Ngh? An,Sóc Tr?ng,78,114,,,,,,,,,,,,
Ninh Bình,Sóc Tr?ng,78,114,,,,,,,,,,,,
Ninh Thu?n,Sóc Tr?ng,84,120,,,,,,,,,,,,
Phú Th?,Sóc Tr?ng,78,114,,,,,,,,,,,,
Phú Yên,Sóc Tr?ng,84,120,,,,,,,,,,,,
Qu?ng Bình,Sóc Tr?ng,84,120,,,,,,,,,,,,
Qu?ng Nam,Sóc Tr?ng,84,120,,,,,,,,,,,,
Qu?ng Ngãi,Sóc Tr?ng,84,120,,,,,,,,,,,,
Qu?ng Ninh,Sóc Tr?ng,78,114,,,,,,,,,,,,
Qu?ng Tr?,Sóc Tr?ng,84,120,,,,,,,,,,,,
S?n La,Sóc Tr?ng,84,120,,,,,,,,,,,,
Thái Bình,Sóc Tr?ng,78,114,,,,,,,,,,,,
Thái Nguyên,Sóc Tr?ng,78,114,,,,,,,,,,,,
Qu?ng Tr?,Qu?ng Tr?,24,72,,,,,,,,,,,,
Thanh Hóa,Sóc Tr?ng,78,114,,,,,,,,,,,,
Th?a Thiên Hu?,Sóc Tr?ng,84,120,,,,,,,,,,,,
Tuyên Quang,Sóc Tr?ng,78,114,,,,,,,,,,,,
V?nh Phúc,Sóc Tr?ng,78,114,,,,,,,,,,,,
Yên Bái,Sóc Tr?ng,84,120,,,,,,,,,,,,
An Giang,Sóc Tr?ng,66,102,,,,,,,,,,,,
B?n Tre,Sóc Tr?ng,66,102,,,,,,,,,,,,
Bình D??ng,Sóc Tr?ng,66,102,,,,,,,,,,,,
Cà Mau,Sóc Tr?ng,66,102,,,,,,,,,,,,
??ng Tháp,Sóc Tr?ng,66,102,,,,,,,,,,,,
H?i D??ng,Sóc Tr?ng,78,114,,,,,,,,,,,,
Kiên Giang,Sóc Tr?ng,66,102,,,,,,,,,,,,
Long An,Sóc Tr?ng,66,102,,,,,,,,,,,,
Tây Ninh,Sóc Tr?ng,66,102,,,,,,,,,,,,
Ti?n Giang,Sóc Tr?ng,66,102,,,,,,,,,,,,
An Giang,S?n La,90,144,,,,,,,,,,,,
Bà R?a - V?ng Tàu,S?n La,84,138,,,,,,,,,,,,
B?c Giang,S?n La,78,132,,,,,,,,,,,,
B?c K?n,S?n La,78,132,,,,,,,,,,,,
B?c Liêu,S?n La,90,144,,,,,,,,,,,,
B?c Ninh,S?n La,78,132,,,,,,,,,,,,
B?n Tre,S?n La,84,138,,,,,,,,,,,,
Bình ??nh,S?n La,84,138,,,,,,,,,,,,
Bình D??ng,S?n La,84,138,,,,,,,,,,,,
Bình Ph??c,S?n La,84,138,,,,,,,,,,,,
Bình Thu?n,S?n La,84,138,,,,,,,,,,,,
Cà Mau,S?n La,90,144,,,,,,,,,,,,
C?n Th?,S?n La,90,144,,,,,,,,,,,,
Cao B?ng,S?n La,84,138,,,,,,,,,,,,
?à N?ng,S?n La,78,132,,,,,,,,,,,,
??k L?k,S?n La,84,138,,,,,,,,,,,,
??k Nông,S?n La,84,138,,,,,,,,,,,,
??ng Nai,S?n La,84,138,,,,,,,,,,,,
??ng Tháp,S?n La,90,144,,,,,,,,,,,,
Gia Lai,S?n La,84,138,,,,,,,,,,,,
Hà Giang,S?n La,84,138,,,,,,,,,,,,
Hà Nam,S?n La,78,132,,,,,,,,,,,,
Hà N?i,S?n La,66,120,,,,,,,,,,,,
Hà T?nh,S?n La,84,138,,,,,,,,,,,,
H?i D??ng,S?n La,78,132,,,,,,,,,,,,
H?i Phòng,S?n La,78,132,,,,,,,,,,,,
H?u Giang,S?n La,90,144,,,,,,,,,,,,
TP. H? Chí Minh,S?n La,78,132,,,,,,,,,,,,
H?ng Yên,S?n La,78,132,,,,,,,,,,,,
Khánh Hòa,S?n La,84,138,,,,,,,,,,,,
Kiên Giang,S?n La,90,144,,,,,,,,,,,,
Kon Tum,S?n La,84,138,,,,,,,,,,,,
Lâm ??ng,S?n La,84,138,,,,,,,,,,,,
L?ng S?n,S?n La,78,132,,,,,,,,,,,,
Long An,S?n La,84,138,,,,,,,,,,,,
Nam ??nh,S?n La,78,132,,,,,,,,,,,,
Ngh? An,S?n La,84,138,,,,,,,,,,,,
Ninh Bình,S?n La,78,132,,,,,,,,,,,,
Ninh Thu?n,S?n La,84,138,,,,,,,,,,,,
Phú Yên,S?n La,84,138,,,,,,,,,,,,
Qu?ng Bình,S?n La,84,138,,,,,,,,,,,,
Qu?ng Nam,S?n La,78,132,,,,,,,,,,,,
Qu?ng Ngãi,S?n La,78,132,,,,,,,,,,,,
Qu?ng Ninh,S?n La,84,138,,,,,,,,,,,,
Qu?ng Tr?,S?n La,84,138,,,,,,,,,,,,
Sóc Tr?ng,S?n La,90,144,,,,,,,,,,,,
Tây Ninh,S?n La,84,138,,,,,,,,,,,,
Thái Bình,S?n La,78,132,,,,,,,,,,,,
Sóc Tr?ng,Sóc Tr?ng,24,72,,,,,,,,,,,,
Thái Nguyên,S?n La,78,132,,,,,,,,,,,,
Thanh Hóa,S?n La,78,132,,,,,,,,,,,,
Th?a Thiên Hu?,S?n La,84,138,,,,,,,,,,,,
Ti?n Giang,S?n La,84,138,,,,,,,,,,,,
Trà Vinh,S?n La,90,144,,,,,,,,,,,,
V?nh Long,S?n La,90,144,,,,,,,,,,,,
?i?n Biên,S?n La,84,138,,,,,,,,,,,,
Hòa Bình,S?n La,78,132,,,,,,,,,,,,
Lai Châu,S?n La,78,132,,,,,,,,,,,,
Lào Cai,S?n La,84,138,,,,,,,,,,,,
Phú Th?,S?n La,78,132,,,,,,,,,,,,
Tuyên Quang,S?n La,78,132,,,,,,,,,,,,
V?nh Phúc,S?n La,78,132,,,,,,,,,,,,
Yên Bái,S?n La,78,132,,,,,,,,,,,,
Bình D??ng,Tây Ninh,60,108,,,,,,,,,,,,
TP. H? Chí Minh,Tây Ninh,54,102,,,,,,,,,,,,
B?c Giang,Tây Ninh,84,120,,,,,,,,,,,,
B?c K?n,Tây Ninh,84,120,,,,,,,,,,,,
B?c Liêu,Tây Ninh,84,120,,,,,,,,,,,,
B?c Ninh,Tây Ninh,78,114,,,,,,,,,,,,
Bình ??nh,Tây Ninh,84,120,,,,,,,,,,,,
Cà Mau,Tây Ninh,84,120,,,,,,,,,,,,
Cao B?ng,Tây Ninh,84,120,,,,,,,,,,,,
?à N?ng,Tây Ninh,78,114,,,,,,,,,,,,
??k L?k,Tây Ninh,84,120,,,,,,,,,,,,
??k Nông,Tây Ninh,78,114,,,,,,,,,,,,
?i?n Biên,Tây Ninh,84,120,,,,,,,,,,,,
Gia Lai,Tây Ninh,84,120,,,,,,,,,,,,
Hà Giang,Tây Ninh,84,120,,,,,,,,,,,,
Hà Nam,Tây Ninh,78,114,,,,,,,,,,,,
Hà N?i,Tây Ninh,78,114,,,,,,,,,,,,
Hà T?nh,Tây Ninh,84,120,,,,,,,,,,,,
H?i D??ng,Tây Ninh,78,114,,,,,,,,,,,,
H?i Phòng,Tây Ninh,78,114,,,,,,,,,,,,
H?u Giang,Tây Ninh,66,102,,,,,,,,,,,,
Hòa Bình,Tây Ninh,78,114,,,,,,,,,,,,
H?ng Yên,Tây Ninh,78,114,,,,,,,,,,,,
Khánh Hòa,Tây Ninh,78,114,,,,,,,,,,,,
Kiên Giang,Tây Ninh,66,102,,,,,,,,,,,,
Kon Tum,Tây Ninh,84,120,,,,,,,,,,,,
Lai Châu,Tây Ninh,84,120,,,,,,,,,,,,
Lâm ??ng,Tây Ninh,72,108,,,,,,,,,,,,
L?ng S?n,Tây Ninh,84,120,,,,,,,,,,,,
Lào Cai,Tây Ninh,84,120,,,,,,,,,,,,
Nam ??nh,Tây Ninh,78,114,,,,,,,,,,,,
Ngh? An,Tây Ninh,78,114,,,,,,,,,,,,
Ninh Bình,Tây Ninh,78,114,,,,,,,,,,,,
Ninh Thu?n,Tây Ninh,84,120,,,,,,,,,,,,
Phú Th?,Tây Ninh,78,114,,,,,,,,,,,,
Phú Yên,Tây Ninh,84,120,,,,,,,,,,,,
Qu?ng Bình,Tây Ninh,84,120,,,,,,,,,,,,
Qu?ng Nam,Tây Ninh,78,114,,,,,,,,,,,,
Qu?ng Ngãi,Tây Ninh,78,114,,,,,,,,,,,,
Qu?ng Ninh,Tây Ninh,78,114,,,,,,,,,,,,
Qu?ng Tr?,Tây Ninh,78,114,,,,,,,,,,,,
S?n La,Tây Ninh,84,120,,,,,,,,,,,,
Thái Bình,Tây Ninh,78,114,,,,,,,,,,,,
Thái Nguyên,Tây Ninh,84,120,,,,,,,,,,,,
Thanh Hóa,Tây Ninh,78,114,,,,,,,,,,,,
Th?a Thiên Hu?,Tây Ninh,78,114,,,,,,,,,,,,
Tuyên Quang,Tây Ninh,84,120,,,,,,,,,,,,
V?nh Phúc,Tây Ninh,78,114,,,,,,,,,,,,
Yên Bái,Tây Ninh,84,120,,,,,,,,,,,,
S?n La,S?n La,24,78,,,,,,,,,,,,
An Giang,Tây Ninh,66,102,,,,,,,,,,,,
Bà R?a - V?ng Tàu,Tây Ninh,72,108,,,,,,,,,,,,
B?n Tre,Tây Ninh,72,108,,,,,,,,,,,,
Bình Ph??c,Tây Ninh,72,108,,,,,,,,,,,,
Bình Thu?n,Tây Ninh,72,108,,,,,,,,,,,,
C?n Th?,Tây Ninh,66,102,,,,,,,,,,,,
??ng Nai,Tây Ninh,72,108,,,,,,,,,,,,
??ng Tháp,Tây Ninh,66,102,,,,,,,,,,,,
Long An,Tây Ninh,72,108,,,,,,,,,,,,
Sóc Tr?ng,Tây Ninh,84,120,,,,,,,,,,,,
Ti?n Giang,Tây Ninh,72,108,,,,,,,,,,,,
Trà Vinh,Tây Ninh,66,102,,,,,,,,,,,,
V?nh Long,Tây Ninh,66,102,,,,,,,,,,,,
B?c Ninh,Thái Bình,66,102,,,,,,,,,,,,
Hà Nam,Thái Bình,54,102,,,,,,,,,,,,
H?i D??ng,Thái Bình,54,102,,,,,,,,,,,,
H?i Phòng,Thái Bình,54,102,,,,,,,,,,,,
H?ng Yên,Thái Bình,54,102,,,,,,,,,,,,
Nam ??nh,Thái Bình,48,96,,,,,,,,,,,,
Ninh Bình,Thái Bình,54,102,,,,,,,,,,,,
An Giang,Thái Bình,84,120,,,,,,,,,,,,
Bà R?a - V?ng Tàu,Thái Bình,84,120,,,,,,,,,,,,
B?c Liêu,Thái Bình,90,126,,,,,,,,,,,,
B?n Tre,Thái Bình,84,120,,,,,,,,,,,,
Bình ??nh,Thái Bình,84,120,,,,,,,,,,,,
Bình D??ng,Thái Bình,84,120,,,,,,,,,,,,
Bình Ph??c,Thái Bình,84,120,,,,,,,,,,,,
Bình Thu?n,Thái Bình,84,120,,,,,,,,,,,,
Cà Mau,Thái Bình,90,126,,,,,,,,,,,,
C?n Th?,Thái Bình,84,120,,,,,,,,,,,,
Cao B?ng,Thái Bình,60,96,,,,,,,,,,,,
?à N?ng,Thái Bình,72,108,,,,,,,,,,,,
??k L?k,Thái Bình,84,120,,,,,,,,,,,,
??k Nông,Thái Bình,84,120,,,,,,,,,,,,
?i?n Biên,Thái Bình,78,114,,,,,,,,,,,,
??ng Nai,Thái Bình,84,120,,,,,,,,,,,,
??ng Tháp,Thái Bình,84,120,,,,,,,,,,,,
Gia Lai,Thái Bình,84,120,,,,,,,,,,,,
Hà Giang,Thái Bình,84,120,,,,,,,,,,,,
Hà T?nh,Thái Bình,78,114,,,,,,,,,,,,
H?u Giang,Thái Bình,84,120,,,,,,,,,,,,
TP. H? Chí Minh,Thái Bình,72,108,,,,,,,,,,,,
Khánh Hòa,Thái Bình,84,120,,,,,,,,,,,,
Kiên Giang,Thái Bình,84,120,,,,,,,,,,,,
Kon Tum,Thái Bình,84,120,,,,,,,,,,,,
Lai Châu,Thái Bình,84,120,,,,,,,,,,,,
Lâm ??ng,Thái Bình,84,120,,,,,,,,,,,,
Lào Cai,Thái Bình,78,114,,,,,,,,,,,,
Long An,Thái Bình,84,120,,,,,,,,,,,,
Ninh Thu?n,Thái Bình,84,120,,,,,,,,,,,,
Phú Yên,Thái Bình,84,120,,,,,,,,,,,,
Qu?ng Bình,Thái Bình,78,114,,,,,,,,,,,,
Qu?ng Nam,Thái Bình,78,114,,,,,,,,,,,,
Qu?ng Ngãi,Thái Bình,78,114,,,,,,,,,,,,
Qu?ng Tr?,Thái Bình,78,114,,,,,,,,,,,,
Sóc Tr?ng,Thái Bình,90,126,,,,,,,,,,,,
S?n La,Thái Bình,78,114,,,,,,,,,,,,
Tây Ninh,Thái Bình,84,120,,,,,,,,,,,,
Th?a Thiên Hu?,Thái Bình,78,114,,,,,,,,,,,,
Ti?n Giang,Thái Bình,84,120,,,,,,,,,,,,
Trà Vinh,Thái Bình,84,120,,,,,,,,,,,,
Tuyên Quang,Thái Bình,66,102,,,,,,,,,,,,
V?nh Long,Thái Bình,84,120,,,,,,,,,,,,
Tây Ninh,Tây Ninh,24,72,,,,,,,,,,,,
B?c Giang,Thái Bình,66,102,,,,,,,,,,,,
B?c K?n,Thái Bình,66,102,,,,,,,,,,,,
Hà N?i,Thái Bình,66,102,,,,,,,,,,,,
Hòa Bình,Thái Bình,66,102,,,,,,,,,,,,
L?ng S?n,Thái Bình,66,102,,,,,,,,,,,,
Ngh? An,Thái Bình,66,102,,,,,,,,,,,,
Phú Th?,Thái Bình,66,102,,,,,,,,,,,,
Qu?ng Ninh,Thái Bình,72,108,,,,,,,,,,,,
Thái Nguyên,Thái Bình,66,102,,,,,,,,,,,,
Thanh Hóa,Thái Bình,66,102,,,,,,,,,,,,
V?nh Phúc,Thái Bình,66,102,,,,,,,,,,,,
Yên Bái,Thái Bình,78,114,,,,,,,,,,,,
B?c Giang,Thái Nguyên,54,102,,,,,,,,,,,,
B?c K?n,Thái Nguyên,48,96,,,,,,,,,,,,
B?c Ninh,Thái Nguyên,54,102,,,,,,,,,,,,
Hà N?i,Thái Nguyên,54,102,,,,,,,,,,,,
Tuyên Quang,Thái Nguyên,54,102,,,,,,,,,,,,
V?nh Phúc,Thái Nguyên,54,102,,,,,,,,,,,,
An Giang,Thái Nguyên,84,120,,,,,,,,,,,,
Bà R?a - V?ng Tàu,Thái Nguyên,84,120,,,,,,,,,,,,
B?c Liêu,Thái Nguyên,90,126,,,,,,,,,,,,
B?n Tre,Thái Nguyên,84,120,,,,,,,,,,,,
Bình ??nh,Thái Nguyên,84,120,,,,,,,,,,,,
Bình D??ng,Thái Nguyên,84,120,,,,,,,,,,,,
Bình Ph??c,Thái Nguyên,84,120,,,,,,,,,,,,
Bình Thu?n,Thái Nguyên,84,120,,,,,,,,,,,,
Cà Mau,Thái Nguyên,90,126,,,,,,,,,,,,
C?n Th?,Thái Nguyên,84,120,,,,,,,,,,,,
?à N?ng,Thái Nguyên,72,108,,,,,,,,,,,,
??k L?k,Thái Nguyên,84,120,,,,,,,,,,,,
??k Nông,Thái Nguyên,84,120,,,,,,,,,,,,
?i?n Biên,Thái Nguyên,78,114,,,,,,,,,,,,
??ng Nai,Thái Nguyên,84,120,,,,,,,,,,,,
??ng Tháp,Thái Nguyên,84,120,,,,,,,,,,,,
Gia Lai,Thái Nguyên,84,120,,,,,,,,,,,,
Hà T?nh,Thái Nguyên,78,114,,,,,,,,,,,,
H?u Giang,Thái Nguyên,84,120,,,,,,,,,,,,
TP. H? Chí Minh,Thái Nguyên,72,108,,,,,,,,,,,,
Khánh Hòa,Thái Nguyên,84,120,,,,,,,,,,,,
Kiên Giang,Thái Nguyên,84,120,,,,,,,,,,,,
Kon Tum,Thái Nguyên,84,120,,,,,,,,,,,,
Lai Châu,Thái Nguyên,84,120,,,,,,,,,,,,
Lâm ??ng,Thái Nguyên,84,120,,,,,,,,,,,,
Lào Cai,Thái Nguyên,84,120,,,,,,,,,,,,
Long An,Thái Nguyên,84,120,,,,,,,,,,,,
Ngh? An,Thái Nguyên,66,102,,,,,,,,,,,,
Ninh Thu?n,Thái Nguyên,84,120,,,,,,,,,,,,
Phú Yên,Thái Nguyên,84,120,,,,,,,,,,,,
Qu?ng Bình,Thái Nguyên,78,114,,,,,,,,,,,,
Qu?ng Nam,Thái Nguyên,78,114,,,,,,,,,,,,
Qu?ng Ngãi,Thái Nguyên,78,114,,,,,,,,,,,,
Qu?ng Tr?,Thái Nguyên,78,114,,,,,,,,,,,,
Sóc Tr?ng,Thái Nguyên,90,126,,,,,,,,,,,,
S?n La,Thái Nguyên,78,114,,,,,,,,,,,,
Tây Ninh,Thái Nguyên,84,120,,,,,,,,,,,,
Th?a Thiên Hu?,Thái Nguyên,78,114,,,,,,,,,,,,
Ti?n Giang,Thái Nguyên,84,120,,,,,,,,,,,,
Trà Vinh,Thái Nguyên,84,120,,,,,,,,,,,,
V?nh Long,Thái Nguyên,84,120,,,,,,,,,,,,
Cao B?ng,Thái Nguyên,60,96,,,,,,,,,,,,
Hà Giang,Thái Nguyên,84,120,,,,,,,,,,,,
Hà Nam,Thái Nguyên,66,102,,,,,,,,,,,,
H?i D??ng,Thái Nguyên,66,102,,,,,,,,,,,,
Thái Bình,Thái Bình,24,72,,,,,,,,,,,,
H?i Phòng,Thái Nguyên,66,102,,,,,,,,,,,,
Hòa Bình,Thái Nguyên,66,102,,,,,,,,,,,,
H?ng Yên,Thái Nguyên,66,102,,,,,,,,,,,,
L?ng S?n,Thái Nguyên,66,102,,,,,,,,,,,,
Nam ??nh,Thái Nguyên,66,102,,,,,,,,,,,,
Ninh Bình,Thái Nguyên,66,102,,,,,,,,,,,,
Phú Th?,Thái Nguyên,60,96,,,,,,,,,,,,
Qu?ng Ninh,Thái Nguyên,72,108,,,,,,,,,,,,
Thái Bình,Thái Nguyên,66,102,,,,,,,,,,,,
Thanh Hóa,Thái Nguyên,66,102,,,,,,,,,,,,
Yên Bái,Thái Nguyên,78,114,,,,,,,,,,,,
Nam ??nh,Thanh Hóa,54,96,,,,,,,,,,,,
Ninh Bình,Thanh Hóa,48,90,,,,,,,,,,,,
An Giang,Thanh Hóa,90,120,,,,,,,,,,,,
Bà R?a - V?ng Tàu,Thanh Hóa,84,114,,,,,,,,,,,,
B?c K?n,Thanh Hóa,66,96,,,,,,,,,,,,
B?c Liêu,Thanh Hóa,90,120,,,,,,,,,,,,
B?n Tre,Thanh Hóa,84,114,,,,,,,,,,,,
Bình ??nh,Thanh Hóa,84,114,,,,,,,,,,,,
Bình D??ng,Thanh Hóa,84,114,,,,,,,,,,,,
Bình Ph??c,Thanh Hóa,84,114,,,,,,,,,,,,
Bình Thu?n,Thanh Hóa,84,114,,,,,,,,,,,,
Cà Mau,Thanh Hóa,90,120,,,,,,,,,,,,
C?n Th?,Thanh Hóa,90,120,,,,,,,,,,,,
Cao B?ng,Thanh Hóa,66,96,,,,,,,,,,,,
?à N?ng,Thanh Hóa,72,102,,,,,,,,,,,,
??k L?k,Thanh Hóa,84,114,,,,,,,,,,,,
??k Nông,Thanh Hóa,84,114,,,,,,,,,,,,
?i?n Biên,Thanh Hóa,78,108,,,,,,,,,,,,
??ng Nai,Thanh Hóa,84,114,,,,,,,,,,,,
??ng Tháp,Thanh Hóa,90,120,,,,,,,,,,,,
Gia Lai,Thanh Hóa,84,114,,,,,,,,,,,,
H?u Giang,Thanh Hóa,90,120,,,,,,,,,,,,
TP. H? Chí Minh,Thanh Hóa,72,102,,,,,,,,,,,,
Khánh Hòa,Thanh Hóa,84,114,,,,,,,,,,,,
Kiên Giang,Thanh Hóa,90,120,,,,,,,,,,,,
Kon Tum,Thanh Hóa,84,114,,,,,,,,,,,,
Lai Châu,Thanh Hóa,84,114,,,,,,,,,,,,
Lâm ??ng,Thanh Hóa,84,114,,,,,,,,,,,,
L?ng S?n,Thanh Hóa,66,96,,,,,,,,,,,,
Lào Cai,Thanh Hóa,78,108,,,,,,,,,,,,
Long An,Thanh Hóa,84,114,,,,,,,,,,,,
Ninh Thu?n,Thanh Hóa,84,114,,,,,,,,,,,,
Phú Yên,Thanh Hóa,84,114,,,,,,,,,,,,
Qu?ng Bình,Thanh Hóa,78,108,,,,,,,,,,,,
Qu?ng Nam,Thanh Hóa,78,108,,,,,,,,,,,,
Qu?ng Ngãi,Thanh Hóa,78,108,,,,,,,,,,,,
Qu?ng Tr?,Thanh Hóa,78,108,,,,,,,,,,,,
Sóc Tr?ng,Thanh Hóa,90,120,,,,,,,,,,,,
S?n La,Thanh Hóa,78,108,,,,,,,,,,,,
Tây Ninh,Thanh Hóa,84,114,,,,,,,,,,,,
Th?a Thiên Hu?,Thanh Hóa,78,108,,,,,,,,,,,,
Ti?n Giang,Thanh Hóa,84,114,,,,,,,,,,,,
Trà Vinh,Thanh Hóa,90,120,,,,,,,,,,,,
Tuyên Quang,Thanh Hóa,66,96,,,,,,,,,,,,
V?nh Long,Thanh Hóa,90,120,,,,,,,,,,,,
Yên Bái,Thanh Hóa,78,108,,,,,,,,,,,,
B?c Giang,Thanh Hóa,66,96,,,,,,,,,,,,
B?c Ninh,Thanh Hóa,66,96,,,,,,,,,,,,
Hà Giang,Thanh Hóa,84,114,,,,,,,,,,,,
Hà Nam,Thanh Hóa,66,96,,,,,,,,,,,,
Hà N?i,Thanh Hóa,66,96,,,,,,,,,,,,
Hà T?nh,Thanh Hóa,66,96,,,,,,,,,,,,
Thái Nguyên,Thái Nguyên,24,72,,,,,,,,,,,,
H?i D??ng,Thanh Hóa,66,96,,,,,,,,,,,,
H?i Phòng,Thanh Hóa,66,96,,,,,,,,,,,,
Hòa Bình,Thanh Hóa,66,96,,,,,,,,,,,,
H?ng Yên,Thanh Hóa,66,96,,,,,,,,,,,,
Ngh? An,Thanh Hóa,66,96,,,,,,,,,,,,
Phú Th?,Thanh Hóa,66,96,,,,,,,,,,,,
Qu?ng Ninh,Thanh Hóa,72,102,,,,,,,,,,,,
Thái Bình,Thanh Hóa,66,96,,,,,,,,,,,,
Thái Nguyên,Thanh Hóa,66,96,,,,,,,,,,,,
V?nh Phúc,Thanh Hóa,66,96,,,,,,,,,,,,
?à N?ng,Th?a Thiên Hu?,48,96,,,,,,,,,,,,
Qu?ng Tr?,Th?a Thiên Hu?,54,102,,,,,,,,,,,,
An Giang,Th?a Thiên Hu?,84,120,,,,,,,,,,,,
Bà R?a - V?ng Tàu,Th?a Thiên Hu?,84,120,,,,,,,,,,,,
B?c Giang,Th?a Thiên Hu?,84,120,,,,,,,,,,,,
B?c K?n,Th?a Thiên Hu?,84,120,,,,,,,,,,,,
B?c Liêu,Th?a Thiên Hu?,90,126,,,,,,,,,,,,
B?c Ninh,Th?a Thiên Hu?,84,120,,,,,,,,,,,,
B?n Tre,Th?a Thiên Hu?,84,120,,,,,,,,,,,,
Bình ??nh,Th?a Thiên Hu?,78,114,,,,,,,,,,,,
Bình D??ng,Th?a Thiên Hu?,84,120,,,,,,,,,,,,
Bình Ph??c,Th?a Thiên Hu?,84,120,,,,,,,,,,,,
Bình Thu?n,Th?a Thiên Hu?,78,114,,,,,,,,,,,,
Cà Mau,Th?a Thiên Hu?,90,126,,,,,,,,,,,,
C?n Th?,Th?a Thiên Hu?,84,120,,,,,,,,,,,,
Cao B?ng,Th?a Thiên Hu?,84,120,,,,,,,,,,,,
??k L?k,Th?a Thiên Hu?,84,120,,,,,,,,,,,,
??k Nông,Th?a Thiên Hu?,84,120,,,,,,,,,,,,
?i?n Biên,Th?a Thiên Hu?,84,120,,,,,,,,,,,,
??ng Nai,Th?a Thiên Hu?,84,120,,,,,,,,,,,,
??ng Tháp,Th?a Thiên Hu?,84,120,,,,,,,,,,,,
Gia Lai,Th?a Thiên Hu?,84,120,,,,,,,,,,,,
Hà Giang,Th?a Thiên Hu?,84,120,,,,,,,,,,,,
Hà Nam,Th?a Thiên Hu?,84,120,,,,,,,,,,,,
Hà N?i,Th?a Thiên Hu?,78,114,,,,,,,,,,,,
Hà T?nh,Th?a Thiên Hu?,84,120,,,,,,,,,,,,
H?i D??ng,Th?a Thiên Hu?,84,120,,,,,,,,,,,,
H?i Phòng,Th?a Thiên Hu?,84,120,,,,,,,,,,,,
H?u Giang,Th?a Thiên Hu?,84,120,,,,,,,,,,,,
TP. H? Chí Minh,Th?a Thiên Hu?,78,114,,,,,,,,,,,,
Hòa Bình,Th?a Thiên Hu?,84,120,,,,,,,,,,,,
H?ng Yên,Th?a Thiên Hu?,84,120,,,,,,,,,,,,
Khánh Hòa,Th?a Thiên Hu?,84,120,,,,,,,,,,,,
Kiên Giang,Th?a Thiên Hu?,84,120,,,,,,,,,,,,
Kon Tum,Th?a Thiên Hu?,78,114,,,,,,,,,,,,
Lai Châu,Th?a Thiên Hu?,84,120,,,,,,,,,,,,
Lâm ??ng,Th?a Thiên Hu?,84,120,,,,,,,,,,,,
L?ng S?n,Th?a Thiên Hu?,84,120,,,,,,,,,,,,
Lào Cai,Th?a Thiên Hu?,84,120,,,,,,,,,,,,
Long An,Th?a Thiên Hu?,84,120,,,,,,,,,,,,
Nam ??nh,Th?a Thiên Hu?,84,120,,,,,,,,,,,,
Ngh? An,Th?a Thiên Hu?,84,120,,,,,,,,,,,,
Ninh Bình,Th?a Thiên Hu?,84,120,,,,,,,,,,,,
Ninh Thu?n,Th?a Thiên Hu?,84,120,,,,,,,,,,,,
Phú Th?,Th?a Thiên Hu?,84,120,,,,,,,,,,,,
Phú Yên,Th?a Thiên Hu?,84,120,,,,,,,,,,,,
Qu?ng Bình,Th?a Thiên Hu?,78,114,,,,,,,,,,,,
Qu?ng Ninh,Th?a Thiên Hu?,84,120,,,,,,,,,,,,
Sóc Tr?ng,Th?a Thiên Hu?,90,126,,,,,,,,,,,,
S?n La,Th?a Thiên Hu?,84,120,,,,,,,,,,,,
Tây Ninh,Th?a Thiên Hu?,84,120,,,,,,,,,,,,
Thái Bình,Th?a Thiên Hu?,84,120,,,,,,,,,,,,
Thái Nguyên,Th?a Thiên Hu?,84,120,,,,,,,,,,,,
Thanh Hóa,Thanh Hóa,24,72,,,,,,,,,,,,
Thanh Hóa,Th?a Thiên Hu?,84,120,,,,,,,,,,,,
Ti?n Giang,Th?a Thiên Hu?,84,120,,,,,,,,,,,,
Trà Vinh,Th?a Thiên Hu?,84,120,,,,,,,,,,,,
Tuyên Quang,Th?a Thiên Hu?,84,120,,,,,,,,,,,,
V?nh Long,Th?a Thiên Hu?,84,120,,,,,,,,,,,,
V?nh Phúc,Th?a Thiên Hu?,84,120,,,,,,,,,,,,
Yên Bái,Th?a Thiên Hu?,84,120,,,,,,,,,,,,
Qu?ng Nam,Th?a Thiên Hu?,72,108,,,,,,,,,,,,
Qu?ng Ngãi,Th?a Thiên Hu?,72,108,,,,,,,,,,,,
B?n Tre,Ti?n Giang,54,102,,,,,,,,,,,,
Bình D??ng,Ti?n Giang,54,102,,,,,,,,,,,,
??ng Tháp,Ti?n Giang,54,102,,,,,,,,,,,,
TP. H? Chí Minh,Ti?n Giang,54,102,,,,,,,,,,,,
Long An,Ti?n Giang,54,102,,,,,,,,,,,,
Trà Vinh,Ti?n Giang,54,102,,,,,,,,,,,,
V?nh Long,Ti?n Giang,54,102,,,,,,,,,,,,
B?c Giang,Ti?n Giang,78,114,,,,,,,,,,,,
B?c K?n,Ti?n Giang,78,114,,,,,,,,,,,,
B?c Ninh,Ti?n Giang,78,114,,,,,,,,,,,,
Bình ??nh,Ti?n Giang,84,120,,,,,,,,,,,,
Cao B?ng,Ti?n Giang,78,114,,,,,,,,,,,,
?à N?ng,Ti?n Giang,78,114,,,,,,,,,,,,
??k L?k,Ti?n Giang,84,120,,,,,,,,,,,,
??k Nông,Ti?n Giang,78,114,,,,,,,,,,,,
?i?n Biên,Ti?n Giang,84,120,,,,,,,,,,,,
Gia Lai,Ti?n Giang,78,114,,,,,,,,,,,,
Hà Giang,Ti?n Giang,84,120,,,,,,,,,,,,
Hà Nam,Ti?n Giang,78,114,,,,,,,,,,,,
Hà N?i,Ti?n Giang,78,114,,,,,,,,,,,,
Hà T?nh,Ti?n Giang,84,120,,,,,,,,,,,,
H?i D??ng,Ti?n Giang,78,114,,,,,,,,,,,,
H?i Phòng,Ti?n Giang,78,114,,,,,,,,,,,,
Hòa Bình,Ti?n Giang,78,114,,,,,,,,,,,,
H?ng Yên,Ti?n Giang,78,114,,,,,,,,,,,,
Khánh Hòa,Ti?n Giang,72,108,,,,,,,,,,,,
Kon Tum,Ti?n Giang,84,120,,,,,,,,,,,,
Lai Châu,Ti?n Giang,84,120,,,,,,,,,,,,
Lâm ??ng,Ti?n Giang,78,114,,,,,,,,,,,,
L?ng S?n,Ti?n Giang,78,114,,,,,,,,,,,,
Lào Cai,Ti?n Giang,84,120,,,,,,,,,,,,
Nam ??nh,Ti?n Giang,78,114,,,,,,,,,,,,
Ngh? An,Ti?n Giang,78,114,,,,,,,,,,,,
Ninh Bình,Ti?n Giang,78,114,,,,,,,,,,,,
Ninh Thu?n,Ti?n Giang,84,120,,,,,,,,,,,,
Phú Th?,Ti?n Giang,78,114,,,,,,,,,,,,
Phú Yên,Ti?n Giang,84,120,,,,,,,,,,,,
Qu?ng Bình,Ti?n Giang,84,120,,,,,,,,,,,,
Qu?ng Nam,Ti?n Giang,78,114,,,,,,,,,,,,
Qu?ng Ngãi,Ti?n Giang,78,114,,,,,,,,,,,,
Qu?ng Ninh,Ti?n Giang,78,114,,,,,,,,,,,,
Qu?ng Tr?,Ti?n Giang,78,114,,,,,,,,,,,,
S?n La,Ti?n Giang,84,120,,,,,,,,,,,,
Thái Bình,Ti?n Giang,78,114,,,,,,,,,,,,
Thái Nguyên,Ti?n Giang,78,114,,,,,,,,,,,,
Thanh Hóa,Ti?n Giang,78,114,,,,,,,,,,,,
Th?a Thiên Hu?,Ti?n Giang,78,114,,,,,,,,,,,,
Tuyên Quang,Ti?n Giang,78,114,,,,,,,,,,,,
V?nh Phúc,Ti?n Giang,78,114,,,,,,,,,,,,
Yên Bái,Ti?n Giang,78,114,,,,,,,,,,,,
An Giang,Ti?n Giang,66,102,,,,,,,,,,,,
Bà R?a - V?ng Tàu,Ti?n Giang,66,102,,,,,,,,,,,,
B?c Liêu,Ti?n Giang,84,120,,,,,,,,,,,,
Bình Ph??c,Ti?n Giang,78,114,,,,,,,,,,,,
Th?a Thiên Hu?,Th?a Thiên Hu?,24,72,,,,,,,,,,,,
Bình Thu?n,Ti?n Giang,72,108,,,,,,,,,,,,
Cà Mau,Ti?n Giang,84,120,,,,,,,,,,,,
C?n Th?,Ti?n Giang,66,102,,,,,,,,,,,,
??ng Nai,Ti?n Giang,66,102,,,,,,,,,,,,
H?u Giang,Ti?n Giang,66,102,,,,,,,,,,,,
Kiên Giang,Ti?n Giang,66,102,,,,,,,,,,,,
Sóc Tr?ng,Ti?n Giang,78,114,,,,,,,,,,,,
Tây Ninh,Ti?n Giang,66,102,,,,,,,,,,,,
Bà R?a - V?ng Tàu,TP. H? Chí Minh,48,84,,,,,,,,,,,,
B?n Tre,TP. H? Chí Minh,48,84,,,,,,,,,,,,
Bình D??ng,TP. H? Chí Minh,48,84,,,,,,,,,,,,
??ng Nai,TP. H? Chí Minh,48,84,,,,,,,,,,,,
Long An,TP. H? Chí Minh,48,84,,,,,,,,,,,,
Tây Ninh,TP. H? Chí Minh,48,84,,,,,,,,,,,,
Ti?n Giang,TP. H? Chí Minh,48,84,,,,,,,,,,,,
B?c Giang,TP. H? Chí Minh,72,96,,,,,,,,,,,,
B?c K?n,TP. H? Chí Minh,72,96,,,,,,,,,,,,
B?c Ninh,TP. H? Chí Minh,72,96,,,,,,,,,,,,
Bình ??nh,TP. H? Chí Minh,78,102,,,,,,,,,,,,
Cà Mau,TP. H? Chí Minh,66,90,,,,,,,,,,,,
Cao B?ng,TP. H? Chí Minh,78,102,,,,,,,,,,,,
??k L?k,TP. H? Chí Minh,60,84,,,,,,,,,,,,
?i?n Biên,TP. H? Chí Minh,78,102,,,,,,,,,,,,
Gia Lai,TP. H? Chí Minh,72,96,,,,,,,,,,,,
Hà Giang,TP. H? Chí Minh,78,102,,,,,,,,,,,,
Hà Nam,TP. H? Chí Minh,72,96,,,,,,,,,,,,
Hà T?nh,TP. H? Chí Minh,84,108,,,,,,,,,,,,
H?i D??ng,TP. H? Chí Minh,72,96,,,,,,,,,,,,
H?i Phòng,TP. H? Chí Minh,72,96,,,,,,,,,,,,
Hòa Bình,TP. H? Chí Minh,72,96,,,,,,,,,,,,
H?ng Yên,TP. H? Chí Minh,72,96,,,,,,,,,,,,
Khánh Hòa,TP. H? Chí Minh,72,96,,,,,,,,,,,,
Kon Tum,TP. H? Chí Minh,72,96,,,,,,,,,,,,
Lai Châu,TP. H? Chí Minh,78,102,,,,,,,,,,,,
Lâm ??ng,TP. H? Chí Minh,72,96,,,,,,,,,,,,
L?ng S?n,TP. H? Chí Minh,72,96,,,,,,,,,,,,
Lào Cai,TP. H? Chí Minh,84,108,,,,,,,,,,,,
Nam ??nh,TP. H? Chí Minh,72,96,,,,,,,,,,,,
Ngh? An,TP. H? Chí Minh,72,96,,,,,,,,,,,,
Ninh Bình,TP. H? Chí Minh,72,96,,,,,,,,,,,,
Ninh Thu?n,TP. H? Chí Minh,84,108,,,,,,,,,,,,
Phú Th?,TP. H? Chí Minh,72,96,,,,,,,,,,,,
Phú Yên,TP. H? Chí Minh,72,96,,,,,,,,,,,,
Qu?ng Bình,TP. H? Chí Minh,78,102,,,,,,,,,,,,
Qu?ng Nam,TP. H? Chí Minh,72,96,,,,,,,,,,,,
Qu?ng Ngãi,TP. H? Chí Minh,72,96,,,,,,,,,,,,
Qu?ng Ninh,TP. H? Chí Minh,72,96,,,,,,,,,,,,
Qu?ng Tr?,TP. H? Chí Minh,72,96,,,,,,,,,,,,
S?n La,TP. H? Chí Minh,78,102,,,,,,,,,,,,
Thái Bình,TP. H? Chí Minh,72,96,,,,,,,,,,,,
Thái Nguyên,TP. H? Chí Minh,72,96,,,,,,,,,,,,
Thanh Hóa,TP. H? Chí Minh,72,96,,,,,,,,,,,,
Th?a Thiên Hu?,TP. H? Chí Minh,72,96,,,,,,,,,,,,
Tuyên Quang,TP. H? Chí Minh,72,96,,,,,,,,,,,,
V?nh Phúc,TP. H? Chí Minh,72,96,,,,,,,,,,,,
Yên Bái,TP. H? Chí Minh,78,102,,,,,,,,,,,,
An Giang,TP. H? Chí Minh,66,90,,,,,,,,,,,,
B?c Liêu,TP. H? Chí Minh,66,90,,,,,,,,,,,,
Bình Ph??c,TP. H? Chí Minh,60,84,,,,,,,,,,,,
Bình Thu?n,TP. H? Chí Minh,66,90,,,,,,,,,,,,
C?n Th?,TP. H? Chí Minh,66,90,,,,,,,,,,,,
??k Nông,TP. H? Chí Minh,60,84,,,,,,,,,,,,
??ng Tháp,TP. H? Chí Minh,66,90,,,,,,,,,,,,
Ti?n Giang,Ti?n Giang,24,72,,,,,,,,,,,,
H?u Giang,TP. H? Chí Minh,66,90,,,,,,,,,,,,
Kiên Giang,TP. H? Chí Minh,66,90,,,,,,,,,,,,
Sóc Tr?ng,TP. H? Chí Minh,66,90,,,,,,,,,,,,
Trà Vinh,TP. H? Chí Minh,66,90,,,,,,,,,,,,
V?nh Long,TP. H? Chí Minh,66,90,,,,,,,,,,,,
B?n Tre,Trà Vinh,72,120,,,,,,,,,,,,
C?n Th?,Trà Vinh,54,102,,,,,,,,,,,,
Long An,Trà Vinh,72,120,,,,,,,,,,,,
Sóc Tr?ng,Trà Vinh,54,102,,,,,,,,,,,,
Ti?n Giang,Trà Vinh,72,120,,,,,,,,,,,,
V?nh Long,Trà Vinh,54,102,,,,,,,,,,,,
B?c Giang,Trà Vinh,84,120,,,,,,,,,,,,
B?c K?n,Trà Vinh,84,120,,,,,,,,,,,,
B?c Ninh,Trà Vinh,84,120,,,,,,,,,,,,
Bình ??nh,Trà Vinh,84,120,,,,,,,,,,,,
Bình Thu?n,Trà Vinh,84,120,,,,,,,,,,,,
Cao B?ng,Trà Vinh,84,120,,,,,,,,,,,,
?à N?ng,Trà Vinh,84,120,,,,,,,,,,,,
??k L?k,Trà Vinh,90,126,,,,,,,,,,,,
??k Nông,Trà Vinh,84,120,,,,,,,,,,,,
?i?n Biên,Trà Vinh,84,120,,,,,,,,,,,,
Gia Lai,Trà Vinh,84,120,,,,,,,,,,,,
Hà Giang,Trà Vinh,84,120,,,,,,,,,,,,
Hà Nam,Trà Vinh,84,120,,,,,,,,,,,,
Hà N?i,Trà Vinh,84,120,,,,,,,,,,,,
Hà T?nh,Trà Vinh,84,120,,,,,,,,,,,,
H?i D??ng,Trà Vinh,78,114,,,,,,,,,,,,
H?i Phòng,Trà Vinh,78,114,,,,,,,,,,,,
Hòa Bình,Trà Vinh,84,120,,,,,,,,,,,,
H?ng Yên,Trà Vinh,78,114,,,,,,,,,,,,
Khánh Hòa,Trà Vinh,84,120,,,,,,,,,,,,
Kon Tum,Trà Vinh,84,120,,,,,,,,,,,,
Lai Châu,Trà Vinh,84,120,,,,,,,,,,,,
Lâm ??ng,Trà Vinh,84,120,,,,,,,,,,,,
L?ng S?n,Trà Vinh,84,120,,,,,,,,,,,,
Lào Cai,Trà Vinh,84,120,,,,,,,,,,,,
Nam ??nh,Trà Vinh,84,120,,,,,,,,,,,,
Ngh? An,Trà Vinh,84,120,,,,,,,,,,,,
Ninh Bình,Trà Vinh,84,120,,,,,,,,,,,,
Ninh Thu?n,Trà Vinh,84,120,,,,,,,,,,,,
Phú Th?,Trà Vinh,84,120,,,,,,,,,,,,
Phú Yên,Trà Vinh,84,120,,,,,,,,,,,,
Qu?ng Bình,Trà Vinh,84,120,,,,,,,,,,,,
Qu?ng Nam,Trà Vinh,84,120,,,,,,,,,,,,
Qu?ng Ngãi,Trà Vinh,84,120,,,,,,,,,,,,
Qu?ng Ninh,Trà Vinh,84,120,,,,,,,,,,,,
Qu?ng Tr?,Trà Vinh,84,120,,,,,,,,,,,,
S?n La,Trà Vinh,84,120,,,,,,,,,,,,
Thái Bình,Trà Vinh,84,120,,,,,,,,,,,,
Thái Nguyên,Trà Vinh,84,120,,,,,,,,,,,,
Thanh Hóa,Trà Vinh,84,120,,,,,,,,,,,,
Th?a Thiên Hu?,Trà Vinh,84,120,,,,,,,,,,,,
Tuyên Quang,Trà Vinh,84,120,,,,,,,,,,,,
V?nh Phúc,Trà Vinh,84,120,,,,,,,,,,,,
Yên Bái,Trà Vinh,84,120,,,,,,,,,,,,
An Giang,Trà Vinh,66,102,,,,,,,,,,,,
Bà R?a - V?ng Tàu,Trà Vinh,84,120,,,,,,,,,,,,
B?c Liêu,Trà Vinh,66,102,,,,,,,,,,,,
Bình D??ng,Trà Vinh,84,120,,,,,,,,,,,,
Bình Ph??c,Trà Vinh,84,120,,,,,,,,,,,,
Cà Mau,Trà Vinh,66,102,,,,,,,,,,,,
??ng Nai,Trà Vinh,84,120,,,,,,,,,,,,
??ng Tháp,Trà Vinh,66,102,,,,,,,,,,,,
Trà Vinh,Trà Vinh,24,72,,,,,,,,,,,,
H?u Giang,Trà Vinh,66,102,,,,,,,,,,,,
TP. H? Chí Minh,Trà Vinh,66,102,,,,,,,,,,,,
Kiên Giang,Trà Vinh,66,102,,,,,,,,,,,,
Tây Ninh,Trà Vinh,84,120,,,,,,,,,,,,
Phú Th?,Tuyên Quang,54,108,,,,,,,,,,,,
Thái Nguyên,Tuyên Quang,54,108,,,,,,,,,,,,
V?nh Phúc,Tuyên Quang,54,108,,,,,,,,,,,,
Yên Bái,Tuyên Quang,54,108,,,,,,,,,,,,
An Giang,Tuyên Quang,90,144,,,,,,,,,,,,
Bà R?a - V?ng Tàu,Tuyên Quang,84,138,,,,,,,,,,,,
B?c Liêu,Tuyên Quang,90,144,,,,,,,,,,,,
B?n Tre,Tuyên Quang,84,138,,,,,,,,,,,,
Bình ??nh,Tuyên Quang,84,138,,,,,,,,,,,,
Bình D??ng,Tuyên Quang,84,138,,,,,,,,,,,,
Bình Ph??c,Tuyên Quang,84,138,,,,,,,,,,,,
Bình Thu?n,Tuyên Quang,84,138,,,,,,,,,,,,
Cà Mau,Tuyên Quang,90,144,,,,,,,,,,,,
C?n Th?,Tuyên Quang,90,144,,,,,,,,,,,,
?à N?ng,Tuyên Quang,72,126,,,,,,,,,,,,
??k L?k,Tuyên Quang,84,138,,,,,,,,,,,,
??k Nông,Tuyên Quang,84,138,,,,,,,,,,,,
?i?n Biên,Tuyên Quang,78,132,,,,,,,,,,,,
??ng Nai,Tuyên Quang,84,138,,,,,,,,,,,,
??ng Tháp,Tuyên Quang,90,144,,,,,,,,,,,,
Gia Lai,Tuyên Quang,84,138,,,,,,,,,,,,
Hà T?nh,Tuyên Quang,78,132,,,,,,,,,,,,
H?u Giang,Tuyên Quang,90,144,,,,,,,,,,,,
TP. H? Chí Minh,Tuyên Quang,72,126,,,,,,,,,,,,
Khánh Hòa,Tuyên Quang,84,138,,,,,,,,,,,,
Kiên Giang,Tuyên Quang,90,144,,,,,,,,,,,,
Kon Tum,Tuyên Quang,84,138,,,,,,,,,,,,
Lai Châu,Tuyên Quang,84,138,,,,,,,,,,,,
Lâm ??ng,Tuyên Quang,84,138,,,,,,,,,,,,
Long An,Tuyên Quang,84,138,,,,,,,,,,,,
Ngh? An,Tuyên Quang,66,120,,,,,,,,,,,,
Ninh Thu?n,Tuyên Quang,84,138,,,,,,,,,,,,
Phú Yên,Tuyên Quang,84,138,,,,,,,,,,,,
Qu?ng Bình,Tuyên Quang,78,132,,,,,,,,,,,,
Qu?ng Nam,Tuyên Quang,78,132,,,,,,,,,,,,
Qu?ng Ngãi,Tuyên Quang,78,132,,,,,,,,,,,,
Qu?ng Ninh,Tuyên Quang,72,126,,,,,,,,,,,,
Qu?ng Tr?,Tuyên Quang,78,132,,,,,,,,,,,,
Sóc Tr?ng,Tuyên Quang,90,144,,,,,,,,,,,,
Tây Ninh,Tuyên Quang,84,138,,,,,,,,,,,,
Thanh Hóa,Tuyên Quang,66,120,,,,,,,,,,,,
Th?a Thiên Hu?,Tuyên Quang,84,138,,,,,,,,,,,,
Ti?n Giang,Tuyên Quang,84,138,,,,,,,,,,,,
Trà Vinh,Tuyên Quang,90,144,,,,,,,,,,,,
V?nh Long,Tuyên Quang,90,144,,,,,,,,,,,,
B?c Giang,Tuyên Quang,66,120,,,,,,,,,,,,
B?c K?n,Tuyên Quang,66,120,,,,,,,,,,,,
B?c Ninh,Tuyên Quang,66,120,,,,,,,,,,,,
Cao B?ng,Tuyên Quang,66,120,,,,,,,,,,,,
Hà Giang,Tuyên Quang,78,132,,,,,,,,,,,,
Hà Nam,Tuyên Quang,66,120,,,,,,,,,,,,
Hà N?i,Tuyên Quang,66,120,,,,,,,,,,,,
H?i D??ng,Tuyên Quang,66,120,,,,,,,,,,,,
H?i Phòng,Tuyên Quang,66,120,,,,,,,,,,,,
Hòa Bình,Tuyên Quang,66,120,,,,,,,,,,,,
H?ng Yên,Tuyên Quang,66,120,,,,,,,,,,,,
L?ng S?n,Tuyên Quang,66,120,,,,,,,,,,,,
Lào Cai,Tuyên Quang,84,138,,,,,,,,,,,,
Nam ??nh,Tuyên Quang,66,120,,,,,,,,,,,,
Tuyên Quang,Tuyên Quang,24,78,,,,,,,,,,,,
Ninh Bình,Tuyên Quang,66,120,,,,,,,,,,,,
S?n La,Tuyên Quang,78,132,,,,,,,,,,,,
Thái Bình,Tuyên Quang,66,120,,,,,,,,,,,,
An Giang,V?nh Long,54,102,,,,,,,,,,,,
B?n Tre,V?nh Long,60,108,,,,,,,,,,,,
C?n Th?,V?nh Long,54,102,,,,,,,,,,,,
??ng Tháp,V?nh Long,54,102,,,,,,,,,,,,
H?u Giang,V?nh Long,54,102,,,,,,,,,,,,
Long An,V?nh Long,60,108,,,,,,,,,,,,
Sóc Tr?ng,V?nh Long,54,102,,,,,,,,,,,,
Ti?n Giang,V?nh Long,60,108,,,,,,,,,,,,
Trà Vinh,V?nh Long,54,102,,,,,,,,,,,,
B?c Giang,V?nh Long,84,120,,,,,,,,,,,,
B?c K?n,V?nh Long,84,120,,,,,,,,,,,,
B?c Ninh,V?nh Long,78,114,,,,,,,,,,,,
Bình ??nh,V?nh Long,84,120,,,,,,,,,,,,
Bình Thu?n,V?nh Long,84,120,,,,,,,,,,,,
Cao B?ng,V?nh Long,84,120,,,,,,,,,,,,
?à N?ng,V?nh Long,84,120,,,,,,,,,,,,
??k L?k,V?nh Long,84,120,,,,,,,,,,,,
??k Nông,V?nh Long,72,108,,,,,,,,,,,,
?i?n Biên,V?nh Long,84,120,,,,,,,,,,,,
Gia Lai,V?nh Long,84,120,,,,,,,,,,,,
Hà Giang,V?nh Long,84,120,,,,,,,,,,,,
Hà Nam,V?nh Long,78,114,,,,,,,,,,,,
Hà N?i,V?nh Long,84,120,,,,,,,,,,,,
Hà T?nh,V?nh Long,84,120,,,,,,,,,,,,
H?i D??ng,V?nh Long,78,114,,,,,,,,,,,,
H?i Phòng,V?nh Long,78,114,,,,,,,,,,,,
Hòa Bình,V?nh Long,78,114,,,,,,,,,,,,
H?ng Yên,V?nh Long,78,114,,,,,,,,,,,,
Khánh Hòa,V?nh Long,84,120,,,,,,,,,,,,
Kon Tum,V?nh Long,84,120,,,,,,,,,,,,
Lai Châu,V?nh Long,84,120,,,,,,,,,,,,
Lâm ??ng,V?nh Long,84,120,,,,,,,,,,,,
L?ng S?n,V?nh Long,84,120,,,,,,,,,,,,
Lào Cai,V?nh Long,84,120,,,,,,,,,,,,
Nam ??nh,V?nh Long,78,114,,,,,,,,,,,,
Ngh? An,V?nh Long,78,114,,,,,,,,,,,,
Ninh Bình,V?nh Long,78,114,,,,,,,,,,,,
Ninh Thu?n,V?nh Long,84,120,,,,,,,,,,,,
Phú Th?,V?nh Long,78,114,,,,,,,,,,,,
Phú Yên,V?nh Long,84,120,,,,,,,,,,,,
Qu?ng Bình,V?nh Long,84,120,,,,,,,,,,,,
Qu?ng Nam,V?nh Long,84,120,,,,,,,,,,,,
Qu?ng Ngãi,V?nh Long,84,120,,,,,,,,,,,,
Qu?ng Ninh,V?nh Long,78,114,,,,,,,,,,,,
Qu?ng Tr?,V?nh Long,84,120,,,,,,,,,,,,
S?n La,V?nh Long,84,120,,,,,,,,,,,,
Thái Bình,V?nh Long,78,114,,,,,,,,,,,,
Thái Nguyên,V?nh Long,78,114,,,,,,,,,,,,
Thanh Hóa,V?nh Long,78,114,,,,,,,,,,,,
Th?a Thiên Hu?,V?nh Long,84,120,,,,,,,,,,,,
Tuyên Quang,V?nh Long,78,114,,,,,,,,,,,,
V?nh Phúc,V?nh Long,78,114,,,,,,,,,,,,
Yên Bái,V?nh Long,84,120,,,,,,,,,,,,
Bà R?a - V?ng Tàu,V?nh Long,72,108,,,,,,,,,,,,
B?c Liêu,V?nh Long,66,102,,,,,,,,,,,,
Bình D??ng,V?nh Long,72,108,,,,,,,,,,,,
Bình Ph??c,V?nh Long,78,114,,,,,,,,,,,,
Cà Mau,V?nh Long,66,102,,,,,,,,,,,,
??ng Nai,V?nh Long,72,108,,,,,,,,,,,,
TP. H? Chí Minh,V?nh Long,66,102,,,,,,,,,,,,
V?nh Long,V?nh Long,24,72,,,,,,,,,,,,
Kiên Giang,V?nh Long,66,102,,,,,,,,,,,,
Tây Ninh,V?nh Long,72,108,,,,,,,,,,,,
B?c Giang,V?nh Phúc,54,90,,,,,,,,,,,,
B?c Ninh,V?nh Phúc,54,90,,,,,,,,,,,,
Hà N?i,V?nh Phúc,54,90,,,,,,,,,,,,
Hòa Bình,V?nh Phúc,54,90,,,,,,,,,,,,
Phú Th?,V?nh Phúc,54,90,,,,,,,,,,,,
Thái Nguyên,V?nh Phúc,48,84,,,,,,,,,,,,
Tuyên Quang,V?nh Phúc,48,84,,,,,,,,,,,,
An Giang,V?nh Phúc,84,108,,,,,,,,,,,,
Bà R?a - V?ng Tàu,V?nh Phúc,84,108,,,,,,,,,,,,
B?c Liêu,V?nh Phúc,90,114,,,,,,,,,,,,
B?n Tre,V?nh Phúc,84,108,,,,,,,,,,,,
Bình ??nh,V?nh Phúc,84,108,,,,,,,,,,,,
Bình D??ng,V?nh Phúc,84,108,,,,,,,,,,,,
Bình Ph??c,V?nh Phúc,84,108,,,,,,,,,,,,
Bình Thu?n,V?nh Phúc,84,108,,,,,,,,,,,,
Cà Mau,V?nh Phúc,90,114,,,,,,,,,,,,
C?n Th?,V?nh Phúc,84,108,,,,,,,,,,,,
?à N?ng,V?nh Phúc,72,96,,,,,,,,,,,,
??k L?k,V?nh Phúc,84,108,,,,,,,,,,,,
??k Nông,V?nh Phúc,84,108,,,,,,,,,,,,
?i?n Biên,V?nh Phúc,78,102,,,,,,,,,,,,
??ng Nai,V?nh Phúc,84,108,,,,,,,,,,,,
??ng Tháp,V?nh Phúc,84,108,,,,,,,,,,,,
Gia Lai,V?nh Phúc,84,108,,,,,,,,,,,,
Hà T?nh,V?nh Phúc,78,102,,,,,,,,,,,,
H?u Giang,V?nh Phúc,84,108,,,,,,,,,,,,
TP. H? Chí Minh,V?nh Phúc,72,96,,,,,,,,,,,,
Khánh Hòa,V?nh Phúc,84,108,,,,,,,,,,,,
Kiên Giang,V?nh Phúc,84,108,,,,,,,,,,,,
Kon Tum,V?nh Phúc,84,108,,,,,,,,,,,,
Lai Châu,V?nh Phúc,84,108,,,,,,,,,,,,
Lâm ??ng,V?nh Phúc,84,108,,,,,,,,,,,,
Long An,V?nh Phúc,84,108,,,,,,,,,,,,
Ngh? An,V?nh Phúc,66,90,,,,,,,,,,,,
Ninh Thu?n,V?nh Phúc,84,108,,,,,,,,,,,,
Phú Yên,V?nh Phúc,84,108,,,,,,,,,,,,
Qu?ng Bình,V?nh Phúc,78,102,,,,,,,,,,,,
Qu?ng Nam,V?nh Phúc,78,102,,,,,,,,,,,,
Qu?ng Ngãi,V?nh Phúc,78,102,,,,,,,,,,,,
Qu?ng Tr?,V?nh Phúc,78,102,,,,,,,,,,,,
Sóc Tr?ng,V?nh Phúc,90,114,,,,,,,,,,,,
Tây Ninh,V?nh Phúc,84,108,,,,,,,,,,,,
Th?a Thiên Hu?,V?nh Phúc,78,102,,,,,,,,,,,,
Ti?n Giang,V?nh Phúc,84,108,,,,,,,,,,,,
Trà Vinh,V?nh Phúc,84,108,,,,,,,,,,,,
V?nh Long,V?nh Phúc,84,108,,,,,,,,,,,,
B?c K?n,V?nh Phúc,60,84,,,,,,,,,,,,
Cao B?ng,V?nh Phúc,60,84,,,,,,,,,,,,
Hà Giang,V?nh Phúc,78,102,,,,,,,,,,,,
Hà Nam,V?nh Phúc,66,90,,,,,,,,,,,,
H?i D??ng,V?nh Phúc,66,90,,,,,,,,,,,,
H?i Phòng,V?nh Phúc,66,90,,,,,,,,,,,,
H?ng Yên,V?nh Phúc,66,90,,,,,,,,,,,,
L?ng S?n,V?nh Phúc,66,90,,,,,,,,,,,,
Lào Cai,V?nh Phúc,78,102,,,,,,,,,,,,
Nam ??nh,V?nh Phúc,66,90,,,,,,,,,,,,
Ninh Bình,V?nh Phúc,66,90,,,,,,,,,,,,
Qu?ng Ninh,V?nh Phúc,72,96,,,,,,,,,,,,
S?n La,V?nh Phúc,78,102,,,,,,,,,,,,
Thái Bình,V?nh Phúc,66,90,,,,,,,,,,,,
Thanh Hóa,V?nh Phúc,66,90,,,,,,,,,,,,
V?nh Phúc,V?nh Phúc,24,72,,,,,,,,,,,,
Yên Bái,V?nh Phúc,78,102,,,,,,,,,,,,
Phú Th?,Yên Bái,66,120,,,,,,,,,,,,
Tuyên Quang,Yên Bái,54,108,,,,,,,,,,,,
An Giang,Yên Bái,90,138,,,,,,,,,,,,
Bà R?a - V?ng Tàu,Yên Bái,84,132,,,,,,,,,,,,
B?c Liêu,Yên Bái,90,138,,,,,,,,,,,,
B?n Tre,Yên Bái,84,132,,,,,,,,,,,,
Bình ??nh,Yên Bái,84,132,,,,,,,,,,,,
Bình D??ng,Yên Bái,84,132,,,,,,,,,,,,
Bình Ph??c,Yên Bái,84,132,,,,,,,,,,,,
Bình Thu?n,Yên Bái,84,132,,,,,,,,,,,,
Cà Mau,Yên Bái,90,138,,,,,,,,,,,,
C?n Th?,Yên Bái,90,138,,,,,,,,,,,,
Cao B?ng,Yên Bái,78,126,,,,,,,,,,,,
?à N?ng,Yên Bái,78,126,,,,,,,,,,,,
??k L?k,Yên Bái,84,132,,,,,,,,,,,,
??k Nông,Yên Bái,84,132,,,,,,,,,,,,
?i?n Biên,Yên Bái,78,126,,,,,,,,,,,,
??ng Nai,Yên Bái,84,132,,,,,,,,,,,,
??ng Tháp,Yên Bái,90,138,,,,,,,,,,,,
Gia Lai,Yên Bái,84,132,,,,,,,,,,,,
Hà T?nh,Yên Bái,78,126,,,,,,,,,,,,
H?u Giang,Yên Bái,90,138,,,,,,,,,,,,
TP. H? Chí Minh,Yên Bái,78,126,,,,,,,,,,,,
Khánh Hòa,Yên Bái,84,132,,,,,,,,,,,,
Kiên Giang,Yên Bái,90,138,,,,,,,,,,,,
Kon Tum,Yên Bái,84,132,,,,,,,,,,,,
Lâm ??ng,Yên Bái,84,132,,,,,,,,,,,,
Long An,Yên Bái,84,132,,,,,,,,,,,,
Ngh? An,Yên Bái,78,126,,,,,,,,,,,,
Ninh Thu?n,Yên Bái,84,132,,,,,,,,,,,,
Phú Yên,Yên Bái,84,132,,,,,,,,,,,,
Qu?ng Bình,Yên Bái,84,132,,,,,,,,,,,,
Qu?ng Nam,Yên Bái,78,126,,,,,,,,,,,,
Qu?ng Ngãi,Yên Bái,78,126,,,,,,,,,,,,
Qu?ng Tr?,Yên Bái,84,132,,,,,,,,,,,,
Sóc Tr?ng,Yên Bái,90,138,,,,,,,,,,,,
Tây Ninh,Yên Bái,84,132,,,,,,,,,,,,
Thanh Hóa,Yên Bái,78,126,,,,,,,,,,,,
Th?a Thiên Hu?,Yên Bái,78,126,,,,,,,,,,,,
Ti?n Giang,Yên Bái,84,132,,,,,,,,,,,,
Trà Vinh,Yên Bái,90,138,,,,,,,,,,,,
V?nh Long,Yên Bái,90,138,,,,,,,,,,,,
B?c Giang,Yên Bái,78,126,,,,,,,,,,,,
B?c K?n,Yên Bái,78,126,,,,,,,,,,,,
B?c Ninh,Yên Bái,84,132,,,,,,,,,,,,
Hà Giang,Yên Bái,84,132,,,,,,,,,,,,
Hà Nam,Yên Bái,78,126,,,,,,,,,,,,
Hà N?i,Yên Bái,66,114,,,,,,,,,,,,
H?i D??ng,Yên Bái,72,120,,,,,,,,,,,,
H?i Phòng,Yên Bái,72,120,,,,,,,,,,,,
Hòa Bình,Yên Bái,84,132,,,,,,,,,,,,
H?ng Yên,Yên Bái,72,120,,,,,,,,,,,,
Lai Châu,Yên Bái,78,126,,,,,,,,,,,,
L?ng S?n,Yên Bái,78,126,,,,,,,,,,,,
Lào Cai,Yên Bái,66,114,,,,,,,,,,,,
Nam ??nh,Yên Bái,78,126,,,,,,,,,,,,
Ninh Bình,Yên Bái,78,126,,,,,,,,,,,,
Qu?ng Ninh,Yên Bái,84,132,,,,,,,,,,,,
S?n La,Yên Bái,78,126,,,,,,,,,,,,
Thái Bình,Yên Bái,78,126,,,,,,,,,,,,
Thái Nguyên,Yên Bái,78,126,,,,,,,,,,,,
V?nh Phúc,Yên Bái,78,126,,,,,,,,,,,,
Yên Bái,Yên Bái,24,78,,,,,,,,,,,,
,,,,,,,,,,,,,,,
,,,,,,,,,,,,,,,
,,,,,,,,,,,,,,,
,,,,,,,,,,,,,,,
,,,,,,,,,,,,,,,
,,,,,,,,,,,,,,,
,,,,,,,,,,,,,,,
,,,,,,,,,,,,,,,
,,,,,,,,,,,,,,,
,,,,,,,,,,,,,,,
,,,,,,,,,,,,,,,
,,,,,,,,,,,,,,,
,,,,,,,,,,,,,,,
,,,,,,,,,,,,,,,
,,,,,,,,,,,,,,,
,,,,,,,,,,,,,,,
,,,,,,,,,,,,,,,
,,,,,,,,,,,,,,,
,,,,,,,,,,,,,,,
,,,,,,,,,,,,,,,
,,,,,,,,,,,,,,,
,,,,,,,,,,,,,,,
,,,,,,,,,,,,,,,
,,,,,,,,,,,,,,,
,,,,,,,,,,,,,,,
,,,,,,,,,,,,,,,
,,,,,,,,,,,,,,,
,,,,,,,,,,,,,,,
,,,,,,,,,,,,,,,
,,,,,,,,,,,,,,,
,,,,,,,,,,,,,,,
,,,,,,,,,,,,,,,
,,,,,,,,,,,,,,,
,,,,,,,,,,,,,,,
,,,,,,,,,,,,,,,
,,,,,,,,,,,,,,,
,,,,,,,,,,,,,,,
,,,,,,,,,,,,,,,
,,,,,,,,,,,,,,,
,,,,,,,,,,,,,,,
,,,,,,,,,,,,,,,
,,,,,,,,,,,,,,,
,,,,,,,,,,,,,,,
,,,,,,,,,,,,,,,
,,,,,,,,,,,,,,,
,,,,,,,,,,,,,,,
,,,,,,,,,,,,,,,
,,,,,,,,,,,,,,,
,,,,,,,,,,,,,,,
,,,,,,,,,,,,,,,
,,,,,,,,,,,,,,,
,,,,,,,,,,,,,,,
,,,,,,,,,,,,,,,
,,,,,,,,,,,,,,,
,,,,,,,,,,,,,,,
,,,,,,,,,,,,,,,
,,,,,,,,,,,,,,,
,,,,,,,,,,,,,,,
,,,,,,,,,,,,,,,
,,,,,,,,,,,,,,,
,,,,,,,,,,,,,,,
,,,,,,,,,,,,,,,
,,,,,,,,,,,,,,,
,,,,,,,,,,,,,,,
,,,,,,,,,,,,,,,
,,,,,,,,,,,,,,,
,,,,,,,,,,,,,,,
,,,,,,,,,,,,,,,
,,,,,,,,,,,,,,,
,,,,,,,,,,,,,,,
,,,,,,,,,,,,,,,
,,,,,,,,,,,,,,,
,,,,,,,,,,,,,,,
,,,,,,,,,,,,,,,
,,,,,,,,,,,,,,,
,,,,,,,,,,,,,,,
,,,,,,,,,,,,,,,
,,,,,,,,,,,,,,,
,,,,,,,,,,,,,,,
,,,,,,,,,,,,,,,
,,,,,,,,,,,,,,,
,,,,,,,,,,,,,,,
,,,,,,,,,,,,,,,
,,,,,,,,,,,,,,,
,,,,,,,,,,,,,,,
,,,,,,,,,,,,,,,
,,,,,,,,,,,,,,,
,,,,,,,,,,,,,,,
,,,,,,,,,,,,,,,
,,,,,,,,,,,,,,,
,,,,,,,,,,,,,,,
,,,,,,,,,,,,,,,
,,,,,,,,,,,,,,,
,,,,,,,,,,,,,,,
,,,,,,,,,,,,,,,
,,,,,,,,,,,,,,,
,,,,,,,,,,,,,,,
,,,,,,,,,,,,,,,
,,,,,,,,,,,,,,,
,,,,,,,,,,,,,,,
,,,,,,,,,,,,,,,
,,,,,,,,,,,,,,,
,,,,,,,,,,,,,,,
,,,,,,,,,,,,,,,
,,,,,,,,,,,,,,,
,,,,,,,,,,,,,,,
,,,,,,,,,,,,,,,
,,,,,,,,,,,,,,,
,,,,,,,,,,,,,,,
,,,,,,,,,,,,,,,
,,,,,,,,,,,,,,,
,,,,,,,,,,,,,,,
,,,,,,,,,,,,,,,
,,,,,,,,,,,,,,,
,,,,,,,,,,,,,,,
,,,,,,,,,,,,,,,
,,,,,,,,,,,,,,,
,,,,,,,,,,,,,,,
,,,,,,,,,,,,,,,
,,,,,,,,,,,,,,,
,,,,,,,,,,,,,,,
,,,,,,,,,,,,,,,
,,,,,,,,,,,,,,,
,,,,,,,,,,,,,,,
,,,,,,,,,,,,,,,
,,,,,,,,,,,,,,,
,,,,,,,,,,,,,,,
,,,,,,,,,,,,,,,
,,,,,,,,,,,,,,,
,,,,,,,,,,,,,,,
,,,,,,,,,,,,,,,
,,,,,,,,,,,,,,,
,,,,,,,,,,,,,,,
,,,,,,,,,,,,,,,
,,,,,,,,,,,,,,,
,,,,,,,,,,,,,,,
,,,,,,,,,,,,,,,
,,,,,,,,,,,,,,,
,,,,,,,,,,,,,,,
,,,,,,,,,,,,,,,
,,,,,,,,,,,,,,,
,,,,,,,,,,,,,,,
,,,,,,,,,,,,,,,
,,,,,,,,,,,,,,,
,,,,,,,,,,,,,,,
,,,,,,,,,,,,,,,
,,,,,,,,,,,,,,,
,,,,,,,,,,,,,,,
,,,,,,,,,,,,,,,
,,,,,,,,,,,,,,,
,,,,,,,,,,,,,,,
,,,,,,,,,,,,,,,
,,,,,,,,,,,,,,,
,,,,,,,,,,,,,,,
,,,,,,,,,,,,,,,
,,,,,,,,,,,,,,,
,,,,,,,,,,,,,,,
,,,,,,,,,,,,,,,
,,,,,,,,,,,,,,,
,,,,,,,,,,,,,,,
,,,,,,,,,,,,,,,
,,,,,,,,,,,,,,,
,,,,,,,,,,,,,,,
,,,,,,,,,,,,,,,
,,,,,,,,,,,,,,,
,,,,,,,,,,,,,,,
,,,,,,,,,,,,,,,
,,,,,,,,,,,,,,,
,,,,,,,,,,,,,,,
,,,,,,,,,,,,,,,
,,,,,,,,,,,,,,,
,,,,,,,,,,,,,,,
,,,,,,,,,,,,,,,
,,,,,,,,,,,,,,,
,,,,,,,,,,,,,,,
,,,,,,,,,,,,,,,
,,,,,,,,,,,,,,,
,,,,,,,,,,,,,,,
,,,,,,,,,,,,,,,
,,,,,,,,,,,,,,,
,,,,,,,,,,,,,,,
,,,,,,,,,,,,,,,
,,,,,,,,,,,,,,,
,,,,,,,,,,,,,,,
,,,,,,,,,,,,,,,
,,,,,,,,,,,,,,,
,,,,,,,,,,,,,,,
,,,,,,,,,,,,,,,
,,,,,,,,,,,,,,,
,,,,,,,,,,,,,,,
,,,,,,,,,,,,,,,
,,,,,,,,,,,,,,,
,,,,,,,,,,,,,,,
,,,,,,,,,,,,,,,
,,,,,,,,,,,,,,,
,,,,,,,,,,,,,,,
,,,,,,,,,,,,,,,
,,,,,,,,,,,,,,,
,,,,,,,,,,,,,,,
,,,,,,,,,,,,,,,
